Product,Pid,TotalComment,Net. (kg)
飞鹤星飞帆1段婴幼儿奶粉 700g听装 一段奶粉 0~3个月,35310296489,0,0.7
Friso/美素佳儿 金装 900g 一段（0-6个月）,36311669973,0,0.9
澳洲EMS直邮可瑞康爱他美4段karicare aptamil奶粉包邮新包装预售,36264655116,5,0
PINNACLE/沛沛澳 金装幼儿配方奶粉 900g 三段,22033823358,8,0.9
新西兰实体直邮Karicare可瑞康金装一段婴儿配方奶粉 900gX6罐,36223305048,0,0.9
德国本土原装 Holle 泓乐 有机婴儿奶粉1段 400g 12盒直邮 包邮,36169921148,0,0.4
雅士利a金装3段特惠三联包1200g盒装 正品保证,36306954592,0,1.2
8折特惠】 雅士利a金装4段奶粉 400g盒装整箱12盒共4800g,36313378857,0,0.4
大部分地区包邮Friso/美素佳儿 金装幼儿成长配方奶粉3段 900g 新,36290605873,24,0.9
正品特价全进口奶源 适用1-3岁宝宝 雀巢能恩3段400g盒装婴儿奶粉,36260619903,16,0.4
低至8折】雅士利a金装4段奶粉 400g盒装 整箱12盒 儿童配方奶粉,36323856371,9,0.4
澳洲EMS直邮可瑞康爱他美2段karicare aptamil婴儿进口奶粉包邮,36264555022,4,0
卡洛塔妮新西兰原装原罐进口婴儿配方奶粉进口牛奶粉一段400g,36319259199,0,0.4
KARICARE/可瑞康金装婴幼儿奶粉2段罐装 新西兰原装进口奶粉 包邮,36272258300,2,0
ABBOTT/雅培小安素3段奶粉全营养配方金装牛奶粉900G听/罐幼儿,36163775631,1,0.9
贝因美普爱+爱加2段1000克*2罐2000克6-12个月婴儿配方奶粉,36278609775,3,1
新西兰原装进口 纽瑞滋金装婴儿配方奶粉 渗透压配方1段300g*2罐,36323700153,16,0.3
惠氏奶粉S-26 3段奶粉 金装幼儿乐三段奶粉1200g*2盒组合装,36319588566,6,1.2
美赞臣 安婴儿 A+ 婴儿配方奶粉 1段 900g*3听 罐装 共2700g 正品,36168485713,0,0.9
雅士利 安贝慧 婴儿配方奶粉 1段 400g盒装 0-6个月,36294533782,0,0.4
圣元优博2段400克 较大婴儿配方奶粉 58种营养素,36350725514,2,0.4
akara/爱瑞嘉 金装 900g 二段,36272022560,36,0.9
德国原装进口包邮Aptamil爱他美/3段婴儿配方奶粉10-12个月 800g,36349467363,12,0.8
两罐包邮进口奶源升级配方 雀巢能恩3段900g克罐装 婴儿奶粉,36260731449,1,0.9
澳洲直邮 新西兰karicare Aptamil爱他美三段 婴儿牛奶粉3段 900g,36345395613,0,0.9
雅培亲体Similac进口奶源金装喜康力3段400g盒装*4盒,36324954228,1,0.4
美赞臣 安儿宝 A+ 婴幼儿配方奶粉 3段 900g*3听 总共2700g 正品,36168571483,0,0.9
贝因美奶粉 冠军宝贝 婴幼儿配方奶粉3段1000g*2罐装 宝宝牛奶粉,36320797170,135,1
【2罐立减20】圣元优博3段900克听58种营养素1-3岁幼儿配方奶粉,36350923264,7,0.9
正品两罐包邮德国原装进口 雀巢超级能恩2段800g罐装 婴儿奶粉,36257102551,0,0.8
13年12月 圣元优博1段900克/听58种营养素0-12个月婴儿配方奶粉,36357616797,4,0.9
美赞臣 安婴儿 A+ 婴儿配方奶粉 1段 900g 罐装 婴儿奶粉正品,36168697973,1,0.9
雅士利a金装2段特惠三联包1200g盒装 正品保证,36309711897,0,1.2
德国原装进口包邮Aptamil爱他美2+ 2岁以上婴幼儿宝宝奶粉600g,36349339377,11,0.6
澳洲直邮 金装惠氏一段S26金装爱儿乐婴儿奶粉1段900g*6罐,36357582780,0,0.9
Friso/美素佳儿 金装 900g 三段（1-3岁）,36313037847,0,0.9
惠氏 S-26升级配方金装幼儿乐900g 3段1-3岁婴儿奶粉 包邮,36326145049,0,26
全进口奶源升级配方 雀巢能恩1段400g克盒装一段400克 婴儿奶粉,36257314482,1,0.4
惠氏 S-26智学因子升级新配方奶粉 金装健儿乐400g 2段,36371249944,3,0.4
Nestle/雀巢超级能恩2/二段 800g 6罐箱装 13年12月产,36375869265,0,0.8
Nestle/雀巢超级能恩3段 800g 6罐箱装 14年2月产,36375987467,0,0.8
德国原装进口包邮Aptamil爱他美1段婴幼儿奶粉3-6个月新配方800g,36348799971,13,0.8
惠氏 S-26升级新配方 金装健儿乐900g 2段6-18个月 包邮,36326211008,0,26
圣元原装进口优博3段900g听1-3岁奶粉,36358932113,0,0.9
明一a尔法盾较大婴儿奶粉2段 幼儿奶粉2段1200g,25939988626,0,1.2
13年8月雅培金装小安素草莓味全营养儿童配方粉 900g 听装,36273414116,1,0.9
Friso/美素佳儿 金装 900g 二段（6-12个月）,36322128031,0,0.9
雅士利能慧2段配方奶粉盒装整箱含12盒4800g克,36386957649,0,4.8
圣元优博2段900克听58种营养素6-18个月婴儿配方奶粉,36350599660,19,0.9
雅士利安贝慧2段奶粉罐装 整箱装内含6罐 5400g,36386991682,0,5.4
Wyeth/惠氏3段金装幼儿乐3200g*2盒 八联包 1-3岁幼儿配方奶粉,36335160759,74,3.2
雅士利a金装2段奶粉配方袋装整箱装含12袋4800g,36386911750,0,4.8
圣元丹新西兰原装进口优博1段900g听0-12个月婴儿奶粉,36348390490,0,0.9
澳洲直邮 金装惠氏二段S26金装爱儿乐婴儿奶粉2段900g*6罐,36358894220,0,0.9
雅士利a金装2段配方奶粉400克盒装整箱装含12盒4800g,36386861624,0,0.4
雅士利安贝慧3段奶粉罐装整箱装 内含6桶罐装 5400g,36394328131,0,5.4
澳洲直邮 金装惠氏四段S26金装爱儿乐婴儿奶粉4段900g*6罐,36369052764,0,0.9
【21省包邮】Nestle雀巢超级能恩1段听罐装 800g*6 6罐整箱装,36375653314,0,0.8
雀巢 力多精3三段900g厅装 婴幼儿奶粉 改善肠道 不上火,36436414301,0,0.9
Nestle/雀巢力多精1段婴儿奶粉400克盒 改善肠道 不上火,36446876158,0,0.4
原装原罐欧洲进口 雅培亲护3段奶粉 易消化 低乳糖 小分子蛋白,36375822895,0,0
【周期购】荷兰乳牛原装进口营养易吸收婴幼儿奶粉2段900g*4罐,35190592519,0,0.9
Nestle/雀巢力多精2段婴儿奶粉400克盒 改善肠道 不上火,36447512992,0,0.4
雅士利能慧2段奶粉罐装整箱装内含6桶 听装 5400g,36386821771,1,5.4
雅士利a金装900克2段 配方奶粉罐装整箱装含6罐,36384230843,0,0.9
厂家正品授权 900克圣元优博核苷酸3段 2014年5月份货+公司积分码,36040764855,0,0.9
美赞臣2段900克/g 安婴宝A+ 二段 较大婴儿配方奶粉,36435428104,1,0.9
雀巢力多精2段奶粉 900克听/罐装雀巢奶粉 13年特价正品保证,36446516314,0,0.9
雅士利a金装3段配方奶粉罐装整箱装 内含6罐5400g,36386737296,0,5.4
Nestle/雀巢力多精1段婴儿奶粉900克听 改善肠道 不上火,36445768583,0,0.9
澳优正品欧选婴儿奶粉三段 600g/盒 荷兰原装原罐进口幼儿牛奶粉,36488526944,51,0.6
Ausnutria/澳优正品 欧选婴儿奶粉一段600g/盒 100%荷兰原装进口,36488362891,2,0.6
Ausnutria/澳优正品 欧选婴儿奶粉二段 100%荷兰原装进口,36492785267,23,0
雅士利a金装3段配方奶粉盒装整箱装含12盒4800g,36386399819,0,4.8
Wyeth/惠氏启赋1段900g*3罐 婴幼儿配方牛奶粉0-12月 原装进口,36520488211,4,0.9
清仓 纽利兹金装幼儿益智配方奶粉3段1-3岁进口奶粉 保质期2015.5,36409463111,0,0
乐友孕婴童 惠氏S-26金装爱儿乐婴儿奶粉0-12月900g/听,36528126235,0,0.9
贝因美奶粉 冠军宝贝 幼儿宝宝配方奶粉3段908g*3罐装 官方正品,36320908771,2,0.908
Wyeth/惠氏启赋3段900g*3罐幼儿配方牛奶粉1-3岁 原装进口,36489114260,0,0.9
圣元优博剖宫产1段900克g 剖腹产奶粉0-6个月专用婴儿配方,36363113094,21,0.9
Wyeth/惠氏4段金装学儿乐1200g*3盒三联包3-7岁婴幼儿奶粉 新配方,36529617707,3,1.2
雀巢 超级能恩3三段奶粉800G 预防过敏 适度水解 专柜正品2罐包邮,36435004509,0,0.8
乐友孕婴童惠氏启赋3段900g宝宝奶粉婴幼儿配方奶粉1-3岁三段奶粉,36530799716,0,0.9
新包装荷兰原装进口Friso美素佳儿金装四段4段儿童配方奶粉900g,36395148893,2,0.9
BEINGMATE/贝因美 冠军宝贝 908g3罐组合 二段,36320920207,1,0.908
雅士利a金装3段配方奶粉袋装整箱装12袋4800g,36386307567,0,4.8
WISSUN/明一 智婴金盾 138g 二段,36494245421,1,0.138
雀巢 超级能恩2二段奶粉800g 预防过敏 适度水解 专柜正品2罐包邮,36426767366,0,0.8
Wyeth/惠氏4段 奶粉金装学儿乐 3-7岁900g*3罐儿童 婴儿配方奶粉,36529861588,1,0.9
乐友孕婴童 启赋较大婴儿和幼儿配方奶粉6-18月400g/听,36530911424,0,0.4
乐友孕婴童惠氏奶粉S-26金装幼儿乐婴幼儿牛奶粉3段3200g宝宝奶粉,36530993993,101,3.2
瑞士原装进口 雀巢瑞铂能恩1段800g奶粉 0~12个月雀巢奶粉,36422427978,0,0.8
雅士利a金装4段儿童奶粉盒装 整箱装含12盒,36385034491,0,0
乐友孕婴童惠氏S-26一段400g金装爱儿乐婴儿奶粉0-12月1段正品,36529823876,0,0.4
乐友孕婴童惠氏S-26新配方金装幼儿乐幼儿奶粉900婴幼儿配方奶粉,36531453138,1,0
Wyeth/惠氏1段 金装爱儿1200g*3三联包0-12个月婴幼儿奶粉,36535992253,1,1.2
乐友孕婴童惠氏S-26二段400g/金装健儿乐较大婴儿奶粉6-18个月,36529847887,0,0.4
乐友孕婴童惠氏S-26金装学儿乐奶粉400g牛奶粉学龄前儿童配方奶粉,36531241528,1,0.4
特福芬 阿尔高幼儿配方奶粉3段 600g/盒 (特福芬3段),36487899518,0,0.6
乐友孕婴童惠氏S-26一段400g金装爱儿乐婴儿奶粉0-12个月1段奶粉,36530043443,0,0.4
纽西阳光 新西兰原装进口 婴儿配方奶粉 1段一段,36506686385,5,0
新包装荷兰原装进口Friso美素佳儿金装4段儿童配方奶粉900g*2听,36403250678,20,0.9
乐友孕婴童惠氏S-26四段900g金装学儿乐儿童奶粉3-7岁4段儿童奶粉,36531245537,1,0.9
乐友孕婴童惠氏S-26金装爱儿乐婴儿奶粉0-12月400g*3盒,36531081848,0,0.4
Wyeth/惠氏惠氏3段 金装幼儿乐900g*3罐装1-3岁婴幼儿奶粉 新配方,36493117723,3,0.9
美国雅培similac金盾1段奶粉658g*3罐 原装原罐进口婴儿配方奶粉,36426750606,58,0.658
Wyeth/惠氏3段金装幼儿乐1200g*3盒三联包1-3岁婴幼儿奶粉 新配方,36537112394,1,1.2
惠氏启赋2段900g听装/罐装 婴儿进口正品奶粉 6-18个月宝宝奶粉,18627249636,1,0.9
Mead Johnson/美赞臣2段1200g*3盒安婴宝A+婴幼儿配方奶粉1200克,36551713726,0,1.2
纽西阳光 新西兰原装进口 幼儿配方奶粉400g 3段三段,36527211737,2,0.4
Mead Johnson/美赞臣2段900g*3罐装安婴宝A+6-12月婴幼儿牛奶粉,36548306867,0,0.9
乐友孕婴童启赋幼儿配方奶粉1-3岁400g/听,36532005831,1,0.4
Nestle/雀巢儿童奶粉1+ 1000克听 适合1-3岁 2听包邮,36403675231,0,1
Mead Johnson/美赞臣4段安儿健A+1200g*3盒 儿童配方奶粉 3岁以上,36552377490,1,1.2
纽西阳光 新西兰原装进口 婴儿配方奶粉400g 1段一段,36535732521,13,0.4
丹麦原装进口Abbott/雅培3段菁智奶粉900g 婴幼儿配方奶粉1-3岁,22046291121,8,0.9
纽西阳光新西兰原装进口 较大婴儿配方奶粉400g 2段二段,36527095714,0,0.4
Nestle/雀巢 力多精2段400g克婴幼儿奶粉盒装 6盒包邮,36580775407,0,0.4
Nestle/雀巢能恩1段400g克盒装婴儿配方奶粉,36581267872,0,0.4
Mead Johnson/美赞臣3段900g*3罐 安儿宝A+婴幼儿配方牛奶粉1-3岁,36551223389,4,0.9
正品特价美赞臣奶粉3段900g 安儿宝A+ 婴儿配方奶粉三段900克,36410931116,1,0.9
Mead Johnson/美赞臣1段1200g*3盒安婴儿A+婴幼儿配方奶粉1200克,36551541812,4,1.2
德国原装Hipp combiotik喜宝 原益生元系列婴儿奶粉成长1+ 600g,36537245979,0,0.6
雀巢超级能恩1段800g克 适度水解预防过敏奶粉 德国进口,36580469648,3,0.8
圣元优博爱系列400克2段较大婴儿配方奶粉,36359252609,2,0.4
Nestle/雀巢 力多精1段900g克婴儿奶粉听装,36582009109,0,0.9
德国原装 hipp combiotik 喜宝2段婴幼儿奶粉有机益生菌6-9月600g,36536065178,0,0.6
Nestle/雀巢 超级能恩3段800g适度水解防过敏 德国进口 2听包邮,36581169492,0,0.8
Mead Johnson/美赞臣1段900g*3罐装安婴儿A+ 0-6月婴幼儿配方奶粉,36547630687,0,0.9
荷兰本土牛栏奶粉1段*1罐 Nutrilon 杭州保税仓直邮空运,36493176708,566,0
Nestle/雀巢 能恩3段900g克幼儿奶粉听装 雀巢奶粉正品 两听包邮,36589960467,1,0.9
Nestle/雀巢 力多精3段400g克幼儿奶粉盒装 6盒包邮,36578614045,0,0.4
新西兰纽瑞滋超级金装较大婴儿配方奶粉二段1000g2段OPO 进口奶粉,36581112410,0,1
Nestle/雀巢 能恩1段900g克听装奶粉14年6月,36589816204,0,0.9
【新妈招募限1罐】斐婴宝新西兰进口婴幼儿奶粉123段均可拍下备注,36591780697,177,0
Nestle/雀巢 能恩2段900g克 婴幼儿配方听装奶粉 2听包邮,36578558689,0,0.9
Mead Johnson/美赞臣3段1200g*3盒 安儿宝A+配方奶粉1-3岁,36552013993,4,1.2
Cow&Gate 英国直邮本土牛栏1段900g 0-6月初生婴幼儿牛配方奶粉,36514353458,85,0.9
Wyeth/惠氏2段 金装健儿乐1200g*3盒三联包6-18个月婴幼儿奶粉,36493293908,7,1.2
德国直邮进口hipp combiotik喜宝有机pre段婴幼儿奶粉0-3月600g,36533686619,3,0.6
德国特福芬一段阿尔高婴儿奶粉1段600g克原装进口,36487781029,0,0.6
美赞臣1段900克/g 安婴儿A+ 0-12个月 婴儿配方奶粉,36435224536,0,0.9
雅士利Yashily雅士利奶粉α-金装3段（1-3岁）袋装400g,36612341863,1,0.4
雅士利Yashily雅士利奶粉α-金装2段（6-12个月）袋装400g,36612317014,0,0.4
圣元优博爱系列400克3段幼儿配方奶粉,36359316547,1,0.4
Nestle/雀巢 力多精1段400g克婴儿奶粉盒装,36589500307,0,0.4
飞鹤2段飞帆臻爱倍护二段400g克盒装飞鹤超级飞帆婴儿配方奶粉,36493739293,2,0.4
澳优 美纳多 益智系列 进口奶源婴儿奶粉3段 1-3岁 400g/盒,36560627050,0,0.4
Karicare Aptamil 可瑞康一段金装婴儿奶粉900g澳洲代购直邮店,36602414355,0,0.9
德国喜宝Hipp有机婴儿奶粉 2段7-9月 800g 波兰版 直邮,36609519219,0,0.8
【美国Abbott】雅培金装亲护奶粉3段 1-3岁适用,36623794877,1,0
【周期购】荷兰乳牛原装原罐进口营养易吸收幼儿奶粉3段900g*4罐,35190211211,1,0.9
Nestle/雀巢 力多精2段900g克婴幼儿奶粉听装 2听包邮,36589552052,0,0.9
乐友婴孕童惠氏启赋2段900g婴幼儿宝宝进口配方奶粉6-18个月奶粉,36539532806,0,0.9
德国喜宝Hipp有机益生元 婴儿奶粉1段0-6个月 800g 波兰版 直邮,36616464304,0,0.8
Ausnutria/澳优 欧选婴儿奶粉二段600gX12盒 100%荷兰原装进口,36632029650,0,0.6
Aptamil 英国直邮本土爱他美三3段新版2段包装900g6-12月奶粉包邮,36522330831,118,0.9
雅士利 a金装 1段 婴儿配方 奶粉 900g克罐装 奶粉1段 900*6听,36419026876,0,0.9
【美国Abbott】雅培 金装智护100 喜康力奶粉 4段,36626383860,1,0
德国原装特福芬Topfer 婴幼儿有机奶粉4段 1岁以上 海外直邮,35927114856,4,0
德国原装hipp combiotik喜宝婴儿奶粉有机益生菌3段 10-12月600g,36561596090,1,0.6
雅士利a金装 3段 幼儿配方 奶粉 900g克罐装 正品保证,36611919729,0,0.9
Ausnutria/澳优 欧选婴儿奶粉三段600gX12盒 100%荷兰原装进口,36640440590,0,0.6
婴儿奶粉美赞臣4段安儿健A+ 牛奶粉 婴幼儿配方奶粉四段1200g盒装,36639716727,29,1.2
德国Hipp combiotik喜宝益生菌有机宝宝婴儿奶粉2+ 2-6岁 600g,36559724974,2,0.6
诺优能白金版Nutrilon 幼儿配方奶粉3段荷兰原装原罐进口,36642921787,72,0
Ausnutria/澳优正品 欧选婴儿奶粉一段600gX2盒 100%荷兰原装进口,36639888283,0,0.6
乐友孕婴童启赋奶粉婴幼儿牛奶粉1段900g桶装儿童奶粉宝宝奶粉,36539912108,1,0.9
澳优 美纳多 益智系列 进口奶源婴儿奶粉2段 6-12个月 400g/盒,36558134089,1,0.4
荷兰原装进口Nutrilon诺优2段 （牛栏）婴儿奶粉一段900g,36613581129,0,0.9
诺优能白金版Nutrilon 诺贝能婴儿配方奶粉1段荷兰原装原罐进口,36638270038,83,0
Friso美素佳儿二段听装 罐装 金装900g*2罐 婴儿奶粉婴幼儿牛奶粉,36645249379,0,0.9
美赞臣3段900克/g 安儿宝A+ 三段 1-3岁幼儿配方奶粉,36427181841,0,0.9
Aptamil 英国直邮本土爱他美1段900g 0-6月婴幼儿牛奶粉 正品保障,36515981390,56,0.9
德国喜宝 Hipp有机婴儿奶粉 3段 10-12月 800g 波兰版 直邮,36610253817,0,0.8
雅士利超级a金装3段幼儿奶粉900g罐听装 原装进口900g*6厅组合装,36576491983,0,0.9
美赞臣2段奶粉900g安婴儿A+婴幼儿配方牛奶粉6-18月 二段900克,36666126449,0,0.9
Ausnutria/澳优正品 欧选婴儿奶粉二段600gX2盒 100%荷兰原装进口,36631657635,0,0.6
Wyeth/惠氏启赋2段900g*3罐婴幼儿配方牛奶粉6-18月原装进口,36523811382,2,0.9
【聚】8.18开团价316元 雀巢能恩3段900克*2听婴幼儿牛奶粉 包邮,36646248626,161,0.9
tenda恬爱 婴儿奶粉3段正品 高端牛奶粉100%新西兰原装进口4罐,36658921613,0,0
飞鹤飞帆2段三联包1200g二段6-12个月宝宝较大婴儿幼儿奶粉,36563943934,4,1.2
Morinaga/森永 一段奶粉 900g 一段,36672287797,21,0.9
tenda恬爱 婴儿奶粉2段正品 100%新西兰原装进口幼儿牛奶粉 4罐,36658865266,0,0
澳优 美纳多 益智系列 进口奶源婴儿奶粉1段 0-6个月 400g/盒,36663099641,1,0.4
雅士利Yashily雅士利奶粉α-金装1段（0-6个月）900g,36606730801,0,0.9
雀巢 超级能恩2段800g克适度水解防过敏奶粉 德国进口 2听包邮,36579859282,2,0.8
雅士利Yashily雅士利奶粉α-金装3段（1-3岁）900g,36610923945,0,0.9
德国喜宝Hipp益生元幼儿奶粉 4段 成长1+ 800g 波兰版 直邮,36610797009,0,0.8
Friso美素佳儿三段3段听装 罐装 金装 900g/克 1~3岁婴幼儿牛奶粉,36644043484,0,0.9
Friso美素佳儿 一段1段听装 罐装 金装900g 婴儿奶粉婴幼儿牛奶粉,36675281485,13,0.9
【美国Abbott】雅培金装亲护奶粉2段 6-18个月,36627023396,0,0
tenda恬爱 婴儿奶粉3段正品 高端宝宝奶粉100%新西兰原装进口两罐,36658837746,1,0
14年3月WISSUN/明一 天籁宝贝婴儿奶粉1段900克 MY7145,35190077399,0,0.9
【预售】fernbaby斐婴宝新西兰婴儿牛奶粉进口奶粉2段6071-GAHB,36678377776,0,0
tenda恬爱 婴儿奶粉2段正品 100%新西兰原装进口高端牛奶粉2罐,36658649475,0,0
Aptamil 英国直邮本土爱他美1+ 四4段900g 1-2岁奶粉 保税仓发货,36523808595,42,0.9
特福芬2段阿尔高益生元婴幼儿配方奶粉原装进口奶粉2段正品包邮,36614808549,0,0
Ausnutria/澳优正品 欧选婴儿奶粉三段600gX2盒 100%荷兰原装进口,36627158784,0,0.6
德国原装进口 雀巢超级能恩2段 800g克*1听罐装奶粉,36484886539,10,0.8
Nutrilon诺优能2段牛栏较大婴儿奶粉3听装,36678945569,1,0
Yashily 雅士利新配方2段700g婴幼儿配方奶粉 整箱包邮,36715747648,1,0.7
tenda恬爱 婴儿奶粉1段正品 高端牛奶粉100%新西兰原装进口四罐,36658485344,1,0
fernbaby斐婴宝新西兰婴儿奶粉正品五星配进口方幼儿奶粉2段6罐,36692021854,0,0
Ausnutria/澳优 欧选婴儿奶粉一段600gX12盒 100%荷兰原装进口,36627182969,0,0.6
美国雅培similac金盾2段奶粉624g*3罐 原装原罐进口婴儿配方奶粉,36427242451,1210,0.624
法兰贝尔 金钻一段婴幼儿配方奶粉 1段 900g*6罐,36720986687,0,0.9
【预售】fernbaby斐婴宝新西兰奶粉原装进口婴儿配方奶粉2段6罐,36688396549,0,0
tenda恬爱 婴儿奶粉1段正品 高端牛奶粉100%新西兰原装进口两罐,36658285294,0,0
Cow&Gate 英国直邮英国本土牛栏3段6-12月婴儿奶粉 900g,36510974681,93,0.9
a2新西兰原罐原装高端进口婴幼儿配方牛奶粉1段1罐900g,36723504045,14,0.9
乐友孕婴童惠氏S-26金装健儿乐较大奶粉6-18月900g/听,36528058387,0,0.9
惠氏2段400g S-26金装健儿乐 6-18月婴幼儿配方奶粉 爱儿兰奶源,22041083801,2,0.4
雅士利a金装1段婴儿配方奶粉400g袋装 授权商家 正品保证 400g,35927360884,1,0.4
Wyeth惠氏启赋3段900g 较大婴儿配方牛奶粉1-3岁原装进口正品保障,36691840112,1,0.9
[送拉杆箱]诺优能白金版Nutrilon较大婴儿配方奶粉2段荷兰进口,36653706757,50,0
Bellamy’s/贝拉米 澳洲直邮 有机幼儿配方奶粉2段 900g*6听 一箱,36713642307,1,0.9
法兰贝尔金钻三段婴幼儿配方奶粉 3段 900g*6罐,36726506555,0,0.9
Wyeth/惠氏1段900g S-26金装爱儿宝宝婴儿配方奶粉一段 0-12个月,36691524768,3,0.9
Nestle/雀巢 能恩金盾2二段 900g罐装 6-18个月 专柜正品 2听包邮,36435396528,0,0.9
德国喜宝Hipp HA1段抗过敏免敏益生元奶粉 3-6个月德国版 直邮,36718227972,1,0
14年04月 进口奶源雀巢奶粉力多精1段盒装400g克,36716835492,32,0.4
Wyeth/惠氏1段 金装爱儿乐900g*3罐装0-12个月婴幼儿奶粉,36525747714,1,0.9
14年6月 进口奶源雀巢奶粉能恩1段盒装400g克,36700088630,25,0.4
Bellamy’s/贝拉米 澳洲直邮 有机幼儿配方奶粉1段 900g*6听 一箱,36726780767,0,0.9
fernbaby斐婴宝新西兰原装进口奶粉五星婴幼儿配方奶粉3段6罐,36702112289,0,0
14年6月进口奶源雀巢奶粉力多精2段盒装400g克,36719665797,13,0.4
荷兰原装进口牛栏1段Nutrilon诺优能 婴儿配方奶粉一段900g*6罐,19627131519,3,0.9
美素3段奶粉900克 佳儿金装幼儿配方奶粉900g* 2罐 荷兰原装进口,36694392639,689,0.9
爱荷美有机（荷兰）EKO BABY进口婴幼儿配方奶粉1段 0-6个,36716950036,1,0
法兰贝尔奶粉 益智一段婴幼儿配方奶粉 1段900g 新包装新配方,36735960516,1,0.9
荷兰本土牛栏奶粉5段*1罐 Nutrilon 杭州保税仓直邮空运,36721857587,237,0
【6件多省包邮】14年7月 进口奶源雀巢奶粉力多精3段盒装400g克,36730396079,8,0.4
法兰贝尔 益智2段婴幼儿牛奶粉 新包装新配方 包邮【买三送一】,36736076378,3,0
Franber/法兰贝尔益智二段婴幼儿奶粉 900g*6罐 2段,36726686277,0,0.9
雀巢奶粉 超级能恩 1段800g奶粉 听罐 德国原装进口专柜正品,36422787997,0,0.8
Fernbaby斐婴宝婴儿配方奶粉1阶段6罐100%新西兰原产原装进口,36691485577,0,0
yashily雅士利新配方400g四段奶粉 3-6岁适用 整箱包邮,36727464961,0,0.4
德国特福芬阿尔高婴儿配方奶粉2段奶粉600g特福芬2段 送米粉,36719495913,0,0.6
法兰贝尔呵护系列二段婴幼儿牛奶粉 新包装新配方【买三送一】,36735800071,1,0
Franber/法兰贝尔 金钻三段婴幼儿配方牛奶粉3段900g【买三送一】,36726009301,1,0.9
惠氏S-26金装学儿乐学龄前儿童配方奶粉4段400G 盒装新配方3-7岁,36742874767,0,0.4
雅培 100%原装进口菁智智护100较大婴儿和幼儿配方奶粉2段900g/桶,36739193461,0,0.9
Franber/法兰贝尔 呵护二段婴幼儿奶粉800g*6罐,36730207935,0,0.8
宾博奶粉 欧洲瑞士原装原罐进口 2段听装800g 宝宝婴儿配方牛奶粉,36736841847,0,0.8
雅士利 a金装 2段较大婴儿配方 奶粉 900g克奶粉 正品,36621380307,0,0.9
Aptamil 英国直邮本土爱他美5段800g 2岁以上牛奶粉 保税仓发货,36526405265,7,0.8
法兰贝尔 呵护一段婴幼儿配方奶粉 1段800g 新包装新配方,36719066633,1,0.8
雅士利能慧金装3段婴幼儿配方奶粉400g盒装 整箱包邮 正品保证,36746288983,0,0.4
雅培 100%原装进口 菁智智护100婴儿配方奶粉1段 900g/桶,36739065376,0,0.9
tenda恬爱 婴儿奶粉3段正品 高端牛奶粉100%新西兰原装进口6罐,36659141297,0,0
Franber/法兰贝尔 金钻系列一段婴幼儿配方奶粉 1段 900g,36723951347,1,0.9
Nestle/雀巢 幼儿奶粉 三段 1000克/听 适合1-3岁,36742620563,0,1
【2件多省包邮】Nestle/雀巢能恩3段900g克幼儿奶粉听装900g 特价,36691133875,5,0.9
德国原产原装进口特福芬3段阿尔高幼儿奶粉三段 600g克顺丰包邮,36484538018,14,0.6
法兰贝尔 呵护一段婴幼儿配方奶粉 800g*6罐,36730115890,0,0.8
雅士利 能慧金装 3段 幼儿配方奶粉900g听装 援家正品,36746384335,0,0.9
法兰贝尔呵护系列3段婴幼儿配方牛奶粉 新包装新配方【买三送一】,36720874221,2,0
Karicare可瑞康婴儿配方奶粉1段新西兰原装原罐进口一段两听,36752475570,0,0
13年9月雅培金装小安素草莓味全营养儿童配方粉 400g 盒装,36656622776,0,0.4
法兰贝尔 益智三段婴幼儿牛奶粉3段900g 新配方【买三送一】,36724531124,3,0.9
Franber/法兰贝尔 呵护系列3段婴幼儿奶粉800g*6罐,36742316129,0,0.8
澳优奶粉二段 金装澳优健优较大婴儿配方奶粉2段800g,22034135236,0,0.8
【天猫超市】荷兰第一进口奶粉牛栏 Nutrilon诺优能 2段 900g,36749165485,131,0.9
Topfer/特福芬阿尔高配方奶粉3段3盒箱装,36765941787,84,0
Cow&Gate 英国直邮本土牛栏四4段900g 1-2岁婴儿奶粉保税仓发货,36513895983,0,0.9
Friso美素佳儿三段3段听装 罐装 金装 900g/克 1~3岁婴幼儿牛奶粉,36673879278,6,0.9
美赞臣4段900克 安儿健A+ 4段900克 3-6岁儿童配方奶,36424654650,0,0.9
14年5月进口奶源雀巢奶粉能恩2段盒装400g克,36686362356,17,0.4
光明奶粉 金装优幼牛初乳 3段 1-3岁 罐装900g,36750817884,1,0.9
tenda恬爱 婴儿奶粉1段正品 100%新西兰原装进口高端牛奶粉6罐,36657107887,0,0
宾博奶粉 宝宝婴幼儿配方 欧洲瑞士原装原罐进口牛奶粉 3段800g听,36737301169,0,0.8
育婴博士原装进口 新西兰原装原罐进口牛奶粉一段900g 13年1月,36766333530,2,0.9
新品上市 益益奶粉 臻爱金贵族2段婴幼儿配方奶粉6-18月听装900g,36652662771,0,0.9
特福芬 阿尔高较大婴儿和幼儿配方奶粉2段 600g/盒 (特福芬2段),36495344618,0,0.6
法兰贝尔 益智一段婴幼儿配方奶粉 900g*6罐,36731581344,0,0.9
雅培金装亲护3阶段奶粉 820g/桶,36737539733,0,0.82
纽西阳光 新西兰原装进口 幼儿配方奶粉 3段三段 买一送一,36508826230,1,0
Nestle/雀巢 能恩金牌成长4/四段400g盒装 专柜正品奶粉 6盒包邮,36776675001,1,0.4
[送喷雾]诺优能白金版Nutrilon较大婴儿配方奶粉2段荷兰进口,36657385917,130,0
荷兰原装原罐进口Nutrilon诺优能婴儿配方奶粉3段,36620964160,0,0
澳洲直邮 Bellamys贝拉米1段有机奶粉婴儿奶粉 2罐包邮 保税发货,36768787873,3,0
雅培金装小安素幼儿配方粉 适合1岁以上挑食偏食 400g盒装草莓味,36748930654,2,0.4
friso美素佳儿 荷兰原装进口 婴儿配方奶粉 1段 900g,36773030676,4,0.9
【加拿大直邮】原装进口雀巢2段婴儿奶粉good start雀巢二段奶粉,36766392204,1,0
雅培 100%原装进口 菁智智护100幼儿配方奶粉3段 900g/桶,36737723292,0,0.9
法兰贝尔 金钻二段婴幼儿配方奶粉 900g*6罐 2段,36731533214,0,0.9
美素佳儿 荷兰原装进口 宝宝婴儿牛奶粉3段金装900g*6听 新装正品,36779482625,0,0.9
[送喷雾]诺优能白金版Nutrilon幼儿配方奶粉3段荷兰原装进口,36657601520,142,0
Hikid聪尔壮 呵护安宝素 较大婴儿配方奶粉2段 900g 2罐 品牌直发,36776287278,0,0.9
爱荷美（荷兰） 有机系列 800克 三段,36748784862,2,0.8
品店 特福芬阿尔高婴儿配方奶粉1（0-12月）600g,36767545926,0,0.6
Aubecca/欧贝嘉 金装GOLD 婴儿配方牛奶粉2段 400克盒装,36764931912,1,0.4
hosland/荷仕兰 配方 900g 二段,36778856289,2,0.9
明一金智婴配方奶粉3段1-3周岁婴幼儿牛奶粉三段900g,36780279958,0,0.9
Franber/法兰贝尔 益智三段婴幼儿奶粉 900g*6罐 新包装新配方,36731433803,1,0.9
Hikid聪尔壮 金装复合益生元益生菌 奶粉2段 900g 2罐装 品牌直发,36780241273,0,0.9
元旦特惠明一a尔法盾3段1-3周岁婴儿奶粉 幼儿牛奶粉三段400g盒装,36780535437,0,0.4
Hikid聪尔壮呵护安宝素 幼儿配方奶粉3段 900g 2罐装 品牌直发,36773354169,0,0.9
新西兰原装进口 安满满智2段奶粉900g*3 婴幼儿食品,36780250944,0,0.9
澳洲EMS直邮 Bellamys 贝拉米1段有机婴儿配方牛奶粉900g整箱6罐,36768715777,0,0.9
澳洲直邮惠氏新西兰版S26金装爱儿乐婴儿奶粉1段900g 2罐包邮,36778877774,4,0.9
Nestle/雀巢能恩3段900g克幼儿奶粉听装 900g*6听包邮 雀巢奶粉,35196044405,0,0.9
美国雅培Similac金盾1段奶粉658g*6罐 原装原罐进口婴儿配方奶粉,36429483096,85,0.658
Karicare可瑞康2段婴儿奶粉新西兰进口牛奶粉二段两罐配方奶粉,36777336238,3,0
诺优能白金版Nutrilon诺贝能婴儿配方奶粉1段荷兰原装进口四罐装,36657937408,7,0
【美国直邮】美国SIMILAC 雅培金盾奶粉一段/1段 658g*1罐,35926813076,0,0.658
2014年5月进口奶源雀巢奶粉力多精2段听900g,36776112108,2,0.9
2014年6月 进口奶源雀巢奶粉能恩1段听装900g克,36689331456,17,0.9
澳洲直邮 Bellamys贝拉米有机奶粉3段 1-3岁 2罐包邮 保税发货,36764834531,109,0
德国原装进口特福芬二段阿尔高婴儿奶粉2段600g克顺丰包邮,36484018941,1,0.6
元旦特惠 明一智婴优盾牛奶粉2段6-18个月 婴幼儿二段听装900g,36780447531,0,0.9
Wyeth/惠氏3段金装幼儿乐新配方婴儿奶粉900g*4 罐装,36774130835,22,0.9
澳洲直邮 Bellamys贝拉米2段有机婴儿奶粉900g 2罐包邮 保税发货,36780100944,2,0.9
明一正品真棒baby配方奶粉3段1-3周岁牛奶粉三段400g,36783521951,0,0.4
Wyeth/惠氏S-26金装爱儿乐1段婴儿配方奶粉900g听装,36748114829,0,0.9
雅培金装小安素全营养幼儿配方粉4段900克 3-7岁挑食宝宝 草莓味,36769281194,0,0.9
hosland/荷仕兰 配方 900g 三段,36769561480,7,0.9
[送喷雾] 诺优能白金版Nutrilon较大婴儿配方奶粉2段荷兰原装进口,36651548848,35,0
澳洲直邮惠氏新西兰版S26金装健儿乐婴儿奶粉二段900g 2罐包邮,36778941934,2,0.9
hosland/荷仕兰 配方 900g 一段,36769213139,0,0.9
【2件多省包邮】2014年4月进口奶源雀巢奶粉力多精3段听900g克,36766617399,6,0.9
明一天籁慧贝较大婴儿奶粉2段 二段牛奶粉900g听装,36780695051,0,0.9
明一真棒baby奶粉3段1-3周岁婴幼儿奶粉三段900g听装,36780435524,0,0.9
明一a尔法盾牛奶粉1段婴幼儿牛奶粉一段900g罐装听装,36783557847,0,0.9
Hikid聪尔壮 金装复合 较大婴儿配方奶粉2段 400g 品牌专供恩肯,36774896508,1,0.4
Hikid聪尔壮 金装安宝素 幼儿配方奶粉3段 900g 2罐装 品牌直发,36780073123,0,0.9
金智婴升级 明一智婴优盾3段婴儿牛奶粉 900g听装,36777246798,0,0.9
tenda恬爱 新西兰原装进口婴儿奶粉3段 幼儿宝宝不上火OPO牛奶粉,36656067860,10,0
Nestle/雀巢 能恩金牌成长4/四段 900g罐装 专柜正品奶粉 2听包邮,36427371542,0,0.9
明一正品金智婴奶粉1段0-12个月婴儿牛奶粉一段900g听装,36783613782,0,0.9
澳优美纳多优能丹麦原装进口婴儿奶粉1段整箱装 0-6个月 900gX6罐,36731043681,0,0.9
PINNACLE/沛沛澳 澳大利亚进口婴幼儿配方奶粉二段 5400g六罐组合,36764263616,0,5.4
商城正品 明一真棒baby奶粉1段 婴儿奶粉一段牛奶粉 400g盒装,36780407651,1,0.4
明一乳白a尔法奶粉1段0~6个月婴儿牛奶粉 一段正品罐装900g听装,36780591276,0,0.9
纽西阳光 新西兰原装进口 较大婴儿配方奶粉 2段二 买一送一,36689376199,1,0
明一金智婴奶粉1段婴儿奶粉一段400g盒装 0~12个月,36777150964,0,0.4
Morinaga/森永 婴儿配方奶粉2段 900g/罐 二段,36789388745,12,0.9
雅士利超级a金装1段婴儿配方奶粉900g罐装 一段听装 原装进口,36620820862,0,0.9
Wyeth/惠氏3段1200g 金装幼儿乐 三联包1-3岁婴幼儿奶粉 新配方,36661875294,3,1.2
【积分+防伪】 和氏北欧莎能金钻羊奶粉3段800克 *2罐 正品现货,36794183544,0,0.8
澳洲进口直邮可瑞康爱他美karicare aptamil一段1段婴儿奶粉2罐装,36779512061,57,0
Hikid聪尔壮 金装复合 幼儿配方奶粉3段 盒装400g 品牌专供恩肯,36759142737,2,0.4
WISSUN/明一 乳白·α尔法 900g 三段 1-3岁幼儿配方营养奶粉,36793720022,0,0.9
美国直邮 Enfamil美赞臣幼儿奶粉二/2段595g 9-18个月,36788237982,0,0.595
Wyeth/惠氏3段900g 金装幼儿乐（新配方）,36661679760,1,0.9
Synutra/圣元优博1段900克*2罐（1800g）婴儿配方奶粉 双罐装,36804991969,0,0.9
Topfer/特福芬阿尔高配方奶粉2段3盒箱装,36759866027,41,0
雀巢瑞铂能恩二2段800g/听 适度水解 预防过敏 专柜正品 2听包邮,36422897377,0,0.8
包邮 雀巢奶粉 雀巢能恩2段900g克婴幼儿配方听装奶粉 900g*6听,35194715171,6,0.9
明一较大婴幼儿奶粉 WISSUN/明一 金智婴牛奶粉 二段 400g 盒装,36793704076,0,0.4
美素佳儿 荷兰原装进口 宝宝婴儿牛奶粉3段金装900g 正品金装,36793964937,2,0.9
法兰贝尔奶粉 金钻二段 200g小听粉 39.9包邮,36775759211,1,0.2
Yashily 雅士利新配方3段700g婴幼儿配方奶粉 整箱包邮,36727688646,2,0.7
美素佳儿 荷兰原装进口 宝宝婴儿牛奶粉3段金装900g*2听 金装正品,36779726162,325,0.9
惠氏 S-26金装幼儿乐配方奶粉3段1200g 三联装,36765420777,0,1.2
澳优美纳多益智100%进口奶源婴儿奶粉1段 0-6个月 1200g/盒,36660006522,0,1.2
明一真棒baby婴儿奶粉1段 婴儿奶粉一段牛奶粉 900g,36793652222,0,0.9
美素佳儿 荷兰原装进口 宝宝婴儿牛奶粉2段金装900g*2听 新装正品,36795784205,21,0.9
美国雅培similac金盾2段奶粉624g*6罐 原装原罐进口婴儿配方奶粉,36429849326,0,0.624
PINNACLE/沛沛澳 澳大利亚进口婴幼儿配方奶粉二段 1800g两罐组合,36765697580,0,1.8
澳洲EMS直邮 新西兰原装进口惠氏S26金装2段健儿乐奶粉 整箱6罐,36788460822,0,0
【拍下立减15】贝因美冠军宝贝4段1000克*2罐幼童配方奶粉 双罐装,36798893508,23,1
雀巢奶粉 能恩金盾3|三段 婴幼儿奶粉900g/听 专柜正品 2听包邮,19630587597,1,0.9
澳洲直邮新西兰惠氏婴儿奶粉金装S26三段3段幼儿乐900g 2罐包邮,36772622881,139,0.9
Wyeth/惠氏3段金装幼儿乐1200g三联包1-3岁婴幼儿奶粉 3-6月产,22039487948,39,1.2
明一a尔法盾2段婴幼儿牛奶粉二段400g盒装 适用6~12月,36793640237,0,0.4
品店 特福芬阿尔高幼儿配方奶粉3（12-36月）600g,36761770369,0,0.6
诺优能白金版Nutrilon诺贝能婴儿配方奶粉1段荷兰原装进口双罐装,36656131473,28,0
雅培金装小安素幼儿配方粉4段400g*2适合3-7岁适合偏食挑食 草莓,36779798661,0,0.4
Bellamy’s/贝拉米 澳大利亚 有机幼儿配方奶粉3段 900g 有机奶粉,36727668487,1,0.9
【拍下立减20】贝因美冠军宝贝2段1000克*2罐宝宝配方奶粉 双灌装,36798589076,18,1
澳洲EMS直邮 新西兰S26惠氏3段幼儿乐婴幼儿牛奶粉900g 整箱6罐,36788636539,0,0.9
【官方授权】明一金智婴3段1-3周岁幼儿牛奶粉三段400g*3联包,36783917346,0,0.4
Nestle/雀巢能恩1段400g克婴儿配方奶粉400g*12盒 婴儿奶粉正品,35194658432,0,0.4
新品上市 益益乳业 臻爱金贵族3段幼儿成长配方奶粉1-3岁听装900g,36656327070,1,0.9
明一a尔法盾牛奶粉1段正品一段400g 单盒装 0~6个月婴幼儿适用,36793640223,0,0.4
WISSUN/明一金智婴较大婴儿奶粉2段 奶粉二段4800g,36783953238,0,4.8
雅培 喜康力 2段 奶粉 6-18个月 900g 罐装,18637190792,0,0.9
【美国直邮】Enfamil美国美赞臣一段/1段金樽奶粉765g*2罐 进口,35926731468,4,0.765
澳洲EMS直邮新西兰惠氏S26金装1段爱儿乐婴儿进口奶粉整箱6罐包邮,36788768253,0,0
Yashily雅士利新配方奶粉700g1段奶粉 援权婴儿奶粉正品,36727572822,0,0.7
雀巢奶粉 能恩金盾3|三段 婴幼儿奶粉900g/听 专柜正品 2听包邮,36427417938,0,0.9
贝因美冠军宝贝1段1000克*2（双罐装2000g）0-6个月婴儿配方奶粉,36808348886,4,1
惠氏S-26金装幼儿乐幼儿3段八联包3200G 1-3岁婴幼儿奶粉,36828150202,0,3.2
Frisfarm美素方牧婴儿配方奶粉1段二罐2*900g荷兰原装进口奶粉,36788820617,1,0.9
Synutra/圣元 金爱+1段900克0-6个月婴儿配方奶粉,36816442365,32,0.9
Nestle/雀巢能恩1段900g克听装奶粉 900g*6听 0-6个月食用,35194499858,17,0.9
雅士利能慧金装1段婴儿配方奶粉900g罐装 奶粉1段,36620800789,0,0.9
SanCor/善可 多力乐 多力乐一段800g两盒组合 一段,36829667356,2,0.8
NEUFIT纽菲特 贝多灵3段 幼儿配方奶三段800g/听装 3段,36827980563,0,0.8
SanCor善可原装进口婴幼儿牛奶粉多力乐2段盒装800G*2盒,36829651144,0,0.8
美赞臣 安儿宝3段1200g三联包幼儿配方奶粉 13年11月 进口包邮,19624104606,1,1.2
Hikid聪尔壮金装复合益生元益生菌 奶粉3段900gx2听装 品牌直发,36790412364,0,0.9
雀巢 能恩奶粉 1/一段 400g 盒装婴幼儿奶粉 进口奶源,36438158013,0,0.4
【皇家贝贝】婴幼儿羊奶粉3段金贝美多有机宝宝1-3岁三段400g罐装,36816268241,0,0.4
NEUFIT/纽菲特 贝多灵1段婴儿配方奶 400g盒装 一段 1盒,36852434575,0,0.4
新西兰奶粉 原装进口 安满满睿3段幼儿奶粉900g*3,36787085787,0,0.9
Nestle/雀巢能恩金盾1段初生婴儿配方奶粉900g,36856448861,1,0.9
【2罐包邮】贝因美普爱加2段1000克A+6-12个月婴儿配方奶粉,36808016673,1,1
【周期购】多美滋优阶3段12-36个月幼儿配方奶粉900g*4罐三段,35194130047,0,0.9
DutchCow荷兰乳牛 荷兰原装进口 奶粉2段900g婴幼儿奶粉正品,36852086588,0,0.9
DutchCow荷兰乳牛 荷兰原装进口 奶粉3段900g 婴幼儿牛奶粉,36856631110,1,0.9
惠氏S-26金装学儿乐学龄前4段1200G盒装3联包 3-7岁宝宝配方奶粉,36844748593,0,1.2
雀巢能恩奶粉 3/三段 400g 盒装婴幼儿奶粉 进口奶源 6盒包邮,36440230790,0,0.4
贝因美金装爱加+3段900克*2罐12-36个月幼儿配方奶粉【双罐装】,36809456133,7,0.9
Nestle/雀巢奶粉 超级能恩 800g3段德国进口奶粉超级能恩三段包邮,36855596946,17,0.8
SanCor/善可 多力维 多力维一段800g两罐组合 一段,36826626188,3,0.8
贝因美金装爱+3段1000克*2（双灌装2000g)12-36个月幼儿配方奶粉,36849381164,38,1
Nestle/雀巢能恩3段 900g幼儿罐装奶粉正品 奶粉 900g正品,36856980392,10,0.9
Nestle/雀巢 超级能恩 促销德国原装进口婴儿奶粉 二段 800g,36845973295,0,0.8
Synutra/圣元优博1段400克*4盒套装1600克婴儿配方奶粉,36807449965,1,0.4
Nestle/雀巢 超级能恩 1/一段 800g,36843263855,0,0.8
圣元优博爱系列2段900克较大婴儿配方奶,36352027319,0,0.9
法兰贝尔奶粉 金钻三段 200g小听粉 39.9包邮,36823410941,0,0.2
Nestle/雀巢力多精3段婴儿奶粉400克盒 改善肠道 不上火,36440241855,0,0.4
【周期购】多美滋优阶3段12-36个月幼儿配方奶粉400g*4盒三段,35194086023,0,0.4
Wyeth惠氏启赋3段900g 较大婴儿配方牛奶粉1-3岁 原装进口,22039691667,24,0.9
关山金装幼儿配方羊奶粉三段900g听装14年4月拍下满就送天猫正品,36881087221,0,0.9
SanCor善可阿根廷进口婴儿牛奶粉多力维3段800g*2盒,36817248446,1,0.8
Nestle/雀巢 能恩2/二段 400g盒装 雀巢奶粉 专柜正品 6盒包邮,36440867188,0,0.4
NEUFIT/纽菲特 贝多灵婴幼儿奶粉 400g盒装 二段 1盒,36857151442,0,0.4
圣元金爱+3段900克12-36个月幼儿配方奶粉,36860242467,19,0.9
NEUFIT纽菲特 贝多灵四段 儿童配方奶800g/听装 4段,36817215182,0,0.8
【周期购】荷兰乳牛原装进口营养易吸收婴幼儿奶粉3段900g*6罐,35191188380,0,0.9
澳洲直邮 Bellamy’s贝拉米有机婴儿奶粉2二段 6-12个月宝宝,36886795773,0,0
NEUFIT/纽菲特 丽多灵3段较大幼儿奶粉 800g听装 三段,36860045481,0,0.8
澳洲直邮新西兰可瑞康karicare Aptamil爱他美金装2二段宝宝奶粉,36882634307,0,0
Synutra/圣元优博2段900克*2听套装1800克较大婴儿配方奶粉,36802038290,16,0.9
美素佳儿 荷兰原装进口 宝宝婴儿牛奶粉4段金装900g 正品配方奶粉,36909683405,6,0.9
澳洲直邮 Bellamy’s贝拉米有机婴儿奶粉3三段 1-3岁宝宝,36890333854,0,0
飞鹤飞帆较大婴儿配方奶粉1000g克三3段奶粉听装飞鹤飞帆奶粉听装,36920145343,1,1
【缤纷假期】多能宝贝超金装幼儿配方牛奶粉/三段 900g,36886347798,2,0.9
【买5送1】澳优能力多婴儿奶粉1段800g厅装 澳优一段奶粉,36901668441,0,0.8
澳洲直邮新西兰可瑞康karicare Aptamil爱他美金装3三段宝宝奶粉,36890037009,0,0
Synutra/圣元优博2段400克*4盒套装1600克较大婴儿配方奶粉,36817656320,3,0.4
美赞臣 安儿健A+儿童配方奶粉4段 400g*3袋 1200g 适用于3岁以上,36877627916,0,0.4
伊利奶粉金装步步益1段0-12个月400克盒装,19633596846,0,0.4
【澳大利亚奶粉】澳优金装A选婴儿奶粉1段800gX2罐 新生儿奶粉,36912950629,0,0.8
澳大利亚奶粉 澳优金装爱优奶粉1段900gX2罐 新生儿奶 进口正品,36913326183,4,0.9
【买4送1】美赞臣奶粉3段婴幼儿牛奶奶粉680g美国本土原装进口,36900740922,10,0.68
2罐立减 澳优金装优选2段婴儿奶粉900gX2罐 澳大利亚奶粉正品,36920741701,3,0.9
美赞臣 安婴儿A+婴儿配方奶粉1段400克听装 宝宝婴幼儿奶粉特惠,36880965187,0,0.4
飞鹤飞帆奶粉二段较大婴儿配方奶粉400g克盒装飞帆 2段奶粉盒装,36858789319,0,0.4
澳洲直邮 新西兰karicare Aptamil爱他美二段 婴儿牛奶粉2段 900g,36352008617,1,0.9
【缤纷假期】多能宝贝超金装较大婴儿配方牛奶粉/二段900g,36829751865,2,0.9
【周期购】荷兰乳牛原装原罐进口营养易吸收幼儿奶粉2段900g*6罐,35191152215,0,0.9
14年2月德国进口 雀巢超级能恩1段800g克/听防敏奶粉,36906640565,41,0.8
拍下有减 14年新货 澳优金装优选婴儿奶粉3段900gX2罐 进口正品,36917675084,5,0.9
2罐减 澳优金装A选婴儿奶粉2段800gX2罐 澳大利亚奶粉 官方正品,36920665316,3,0.8
【拍下立减20】圣元优博3段900克*2罐装1800g 1-3岁幼儿配方奶粉,36805403573,7,0.9
澳洲直邮新西兰可瑞康karicare Aptamil爱他美宝宝奶粉3段 6罐装,36921863426,5,0
最新日期 Wyeth/惠氏启赋1段900g*2罐 婴幼儿配方牛奶粉0-12月,36935468984,5,0.9
飞鹤超级飞帆2段婴儿配方奶粉900g克 听装 超级飞帆二段奶粉,36858649363,1,0.9
2罐减 澳大利亚奶粉 澳优金装A选婴儿奶粉3段800gX2罐 澳优正品,36920569694,2,0.8
Wyeth/惠氏 英国版惠氏奶粉 900g 三段,36891448662,0,0.9
乐友孕婴童惠氏奶粉s26新金装膳儿加婴儿牛奶粉400g*3盒宝宝奶粉,36947070386,24,0.4
贝因美金装2段500克*4袋2000g套装6-12个月较大婴儿配方奶粉,36947374042,5,0.5
澳佑宝 澳大利亚原装原罐进口400g/罐 奶粉1段 婴儿配方 新生儿,36941470312,1,0.4
DutchCow荷兰乳牛 原装进口奶粉1段 新生儿婴儿奶粉正品900g,36858557918,1,0.9
82折包邮正品 Nestle/雀巢能恩3段400g克幼儿奶粉盒装 400g*12盒,35195726647,13,0.4
两瓶送痱子粉 伊利金领冠奶粉二段900g 金领冠二段900g,26392840004,3,0.9
飞鹤飞帆婴儿配方奶粉900g克1一段奶粉飞鹤奶粉飞鹤飞帆1一段奶粉,36910529791,2,0.9
澳洲直邮新西兰可瑞康karicare Aptamil爱他美宝宝奶粉1段 6罐装,36937060274,0,0
乐友孕婴童雅培金装亲护1段0-12月360g/听,36950515437,0,0.36
最新日期 惠氏启赋原装进口2段较大婴儿6-18个月配方奶粉900g,36874554119,0,0.9
正品包邮Similac雅培一段1段0~12个月 金盾婴幼儿进口牛奶粉964g,36887843054,0,0.964
Aubecca/欧贝嘉 超金装 婴儿配方牛奶粉3段 900G听装,36963523157,0,0.9
贝因美金装3段500克*4袋2000g套装1-3岁幼儿配方奶粉,36954777749,5,0.5
惠氏s-26金装爱儿乐婴儿配方奶粉1段 400g罐装 0-12月新生儿奶粉,36834329321,8,0.4
【缤纷假期】多能宝贝超金装配方牛奶粉900g*6听 5400,36930566595,1,0.9
澳洲直邮新西兰可瑞康karicare Aptamil爱他美宝宝奶粉2段 6罐装,36921855352,1,0
贝欧莱 有机奶粉 美国原装进口婴幼儿牛奶粉2段360g罐装 正品包邮,36941370023,3,0.36
乐友孕婴童 惠氏新金装膳儿加OF听900g,36947002842,4,0.9
飞鹤飞帆较大婴儿配方奶粉900g克二2段奶粉听装飞鹤飞帆奶粉听装,36910785343,1,0.9
圣元优博3段400克 幼儿配方奶粉 58种营养素,36350983602,1,0.4
厂家直发 明一a尔法盾婴幼儿奶粉3段1200g 特价,36954694381,0,1.2
美素佳儿 荷兰原装进口 新生儿/宝宝/婴儿牛奶粉1段金装400g 正品,36866281623,7,0.4
德国喜宝Hipp低乳糖益生元有机幼儿奶粉 4段/1+ 500g 德国版直邮,36915582633,0,0.5
贝因美冠军宝贝2段405克*4盒1620g套装6-18个月较大婴儿配方奶粉,36907924874,3,0.405
2014年2月 进口奶源雀巢奶粉力多精1段听900g/克,36901284864,16,0.9
美国直邮Enfamil美赞臣美版三段3段进口奶粉香草口味680g正品包邮,36891669086,2,0.68
Aubecca/欧贝嘉 超金装 婴儿配方牛奶粉2段 900G听装,36962255603,2,0.9
澳洲直邮新西兰HEINZ亨氏金装Nurture加强婴儿配方牛奶粉1段一段,36951880892,1,0
贝因美 爱加+ 较大婴儿配方奶粉2段二段1000g 官方正品 进口奶源,36945186210,1,1
最新日期 Wyeth/惠氏启赋原装进口2段较大婴儿配方奶粉900g*2罐,36936076419,1,0.9
美赞臣安婴儿A+婴幼儿配方牛奶粉1段奶粉900g 0-12月宝宝奶粉,36874394317,1,0.9
[环球闪购]德国爱他美1+段1-3岁600g 美乐宝婴幼儿牛奶粉原装,36964727060,128,0.6
金装friso美素佳儿荷兰原装进口幼儿配方奶粉3段900g2 美素3段900,36968245057,352,0.9
最新日期 Wyeth/惠氏启赋1段900g婴幼儿配方牛奶粉0-12月,36891572537,22,0.9
欧比佳幼儿配方奶粉3段800g 新生儿奶粉 荷兰进口婴儿奶粉三段,36962165515,1,0.8
澳洲直邮 Bellamy’s贝拉米有机婴儿奶粉1一段 0-6个月宝宝,36882702975,0,0
贝因美金装爱+2段900g*【2听套装1800克】6-12个月婴儿配方奶粉,36968448717,1,0.9
澳洲直邮新西兰HEINZ亨氏金装Nurture金装婴儿配方牛奶粉2段二段,36936963702,0,0
澳佑宝 澳大利亚原装原罐进口900g/罐 奶粉1段 婴儿配方 新生儿,36976344056,8,0.9
NURIZ/纽利兹 金装幼儿配方奶粉3段1-3岁 新西兰原装进口三段,36872270931,0,0
Synutra/圣元优博3段400克*4盒套装1600克幼儿配方奶粉,36818216149,3,0.4
欧比佳欧健婴儿配方奶粉1段800g 荷兰原装进口新生儿奶粉一段,36967009014,4,0.8
澳佑宝 澳大利亚原装进口400g/罐 奶粉3段 婴儿配方 不上火不便秘,36975828903,8,0.4
13年9月 BEINGMATE/贝因美 金爱+婴儿配方奶粉2段1000克 BYM6110,36883459761,0,1
澳洲直邮新西兰可瑞康karicare Aptamil爱他美宝宝奶粉4段 6罐装,36922067440,2,0
贝因美金装爱+2段1000克*2【双灌装2000g】6-12个月婴儿配方奶粉,36952199401,34,1
Holle/凯莉泓乐3段瑞士原装正品有机婴幼儿奶粉10-12个月【清仓】,36961886946,2,0
圣元金爱+2段900克6-12个月较大婴儿配方奶粉,36864387389,30,0.9
贝欧莱有机奶粉美国原装 进口奶粉 婴儿 有机配方奶粉3段900g/罐,36945487743,4,0.9
美国直邮 Similac雅培 进口有机奶粉一段1段 658g 原装正品,36977257740,0,0.658
14年6月进口奶源雀巢奶粉能恩2段罐装900g克,36975603492,8,0.9
明一真棒baby较大婴儿奶粉2段 二段 400g盒装 6~12个,36793312947,0,0.4
金装Friso美素佳儿2段奶粉较大婴儿配方奶粉900g2听荷兰原装进口,36980616342,19,0.9
[环球闪购]德国爱他美2段6-10个月800g 美乐宝婴幼儿牛奶粉原装,36964343216,118,0.8
德国原装喜宝Hipp Gute-Nacht! 晚餐奶粉 10个月 500g,36915742032,1,0.5
原装原罐进口 雅培亲护奶粉 1段 0-12个月 易消化 小分子蛋白,36971926166,23,0
飞鹤星飞帆1段听装 700g克 一段奶粉婴儿配方奶粉星飞帆1段0-3月,36869380282,0,0.7
Nestle/雀巢奶粉 超级能恩3段 800g*4 官方正品,36984529022,2,0.8
乐友孕婴童雅培2段900g菁智智护100较大婴儿配方牛奶粉6-18个月,36952927002,0,0.9
【满200减20】伊利金领冠4段3-7岁儿童配方奶粉400g,36978479258,58,0.4
[环球闪购]德国爱他美2+段2-7岁600g 美乐宝婴幼儿牛奶粉原装,36960814438,32,0.6
【满200减20】伊利金领冠4段3-7岁儿童配方奶粉900g 14年3月,36982437304,13,0.9
买二送一 澳优奶粉 澳优美纳多1200g盒装 美纳多奶粉 超值促销,26407188771,6,1.2
【天猫超市】惠氏启赋一段婴儿配方奶粉900g 0到12各月婴儿适用,36993619272,1,0.9
澳洲直邮新西兰可瑞康karicare Aptamil爱他美金装1一段宝宝奶粉,36883445492,2,0
美国直邮Similac雅培二段2段金盾婴幼儿进口牛奶粉 624g原装正品,36890521719,0,0.624
澳佑宝 澳大利亚原装原罐进口400g/罐 奶粉2段 婴儿配方,36964956441,1,0.4
欧比佳欧健幼儿配方奶粉3段400g 荷兰原装原罐进口奶粉三段,36974742062,0,0.4
贝因美冠军宝贝3段405克*4盒套装1620g1-3岁幼儿配方奶粉 新包装,36893243320,6,0.405
欧比佳欧健婴儿配方奶粉1段400g荷兰原装原罐进口新生儿奶粉一段,36981497364,14,0.4
Ausnutria/澳优100%原装进口有机能力多婴儿奶粉 1段800g 2罐装,37016507636,0,0.8
最新日期 惠氏启赋幼儿配方奶粉3段 900g 欧洲原装进口奶粉（1-3,36882650816,41,0.9
美国直邮 Enfamil美赞臣金樽婴幼儿奶粉三段香草味680g 3罐包邮,37015230906,0,0.68
欧比佳较大婴儿配方奶粉2段800g荷兰原装进口奶粉二段,36945718341,2,0.8
贝欧莱 有机奶粉 美国原装进口婴幼儿牛奶粉3段360g罐装 正品包邮,36973647559,1,0.36
[环球闪购]德国爱他美1段0-6个月800g 美乐宝婴幼儿牛奶粉原装,36980292621,130,0.8
日本直邮 Wakodo日本和光堂原装进口本土2段婴儿奶粉正品850g,36976410063,0,0.85
Holle/凯莉泓乐1段瑞士原装正品有机婴幼儿奶粉0-6个月【清仓】,36981652926,5,0
【天猫超市】新加坡进口 惠氏s26金装膳儿加GB升级配方 900g,36998081282,0,0.9
善可奶粉 多力乐2段奶粉 6-12个月800g盒装 婴幼儿配方奶粉,37015187913,0,0.8
圣元优博1段400克0-12个月 婴儿配方奶粉 58种营养素,36351055232,4,0.4
官方授权惠氏金装S-26奶粉3段1-3岁宝宝新配方幼儿乐900g两罐包邮,37024590649,6,0.9
白金版诺优能Nutrilon 诺贝能婴儿配方奶粉1段 荷兰原装进口牛栏,37026506590,16,0
德国原装进口婴幼儿奶粉 雀巢超级能恩1段 800g克X1罐防敏奶粉,36978348929,127,0.8
善可奶粉 多力乐3段奶粉 1-3岁800g盒装 婴幼儿配方奶粉,37019081374,0,0.8
欧比佳欧健较大婴儿配方奶粉2段400g 荷兰原装原罐进口奶粉二段,36977863651,23,0.4
tenda恬爱 新西兰原装进口婴儿牛奶粉1段 新生儿不上火OPO奶粉,36889899844,2,0
最新日期 Wyeth/惠氏启赋3段900g*2罐 婴幼儿配方奶粉1-3岁,36924281839,2,0.9
商城正品德国特福芬阿尔高婴儿配方奶粉3段600克非有机满就送电摩,37026626827,14,0.6
澳洲直邮 Bellamys 贝拉米有机婴幼儿牛奶粉一段1段900g两罐包邮,37014346230,1,0.9
美赞臣安婴儿A+婴幼儿配方牛奶粉3段900g罐装 1-2岁宝宝奶粉,36889988805,0,0.9
Nestle/雀巢力多精1段900g克婴儿奶粉正品 听装 900g*6听组合,35195535361,0,0.9
三元 喜能宝3段 幼儿配方奶粉 638g/罐 全新系列 火热上市,37032688960,3,0.638
【天猫超市】Wyeth/惠氏金装学儿乐900g罐装Marigold 配方奶粉,36993399776,0,0.9
美赞臣 安儿宝A+婴幼儿配方奶粉三段1200g盒装 婴儿奶粉 牛奶粉,36888552899,115,1.2
美国直邮 Enfamil美赞臣金樽婴幼儿美版奶粉三段原味680g 2罐包邮,37022285021,1,0.68
Holle/凯莉泓乐2段瑞士原装正品有机婴幼儿奶粉6-10个月【清仓】,36965871446,1,0
惠氏启赋3段900g 1-3岁幼儿配方奶粉三段 欧洲原装进口2罐包邮,37038126557,0,0.9
【正品】爱尔兰进口惠氏启赋4段奶粉学龄前儿童奶粉3-7岁宝宝,37024630493,0,0
日本直邮 Wakodo日本和光堂原装进口本土1段婴儿奶粉正品850g*8罐,36996052363,0,0.85
澳洲原罐原装OZcare 澳仕卡牛 0-12个月婴幼儿 奶粉一段900g*3罐,37037243225,0,0.9
惠氏S-26 儿童奶粉 新配方奶粉金装学儿乐1200g牛奶粉4段两盒包邮,37038134505,3,1.2
澳洲100%原罐原装OZcare 澳仕卡牛 6-18月婴幼儿奶粉二段900g,37035323966,2,0.9
【天猫超市】惠氏启赋四段学龄前儿童配方奶粉900g3到7岁学龄前,36993295891,1,0.9
圣元优博爱系列400g1段0-12个月婴儿配方奶粉,36351461956,1,0.4
美赞臣1段奶粉400g 安婴儿A+婴幼儿牛奶粉婴儿配方 正品保证,37037349658,0,0.4
Aubecca/欧贝嘉 金装GOLD 婴儿配方牛奶粉2段 900G听装,36965981777,1,0.9
白金诺优能Nutrilon 诺贝能婴儿奶粉1段荷兰原装原罐进口 4罐装,37036517374,0,0
澳洲原装原罐 OZcare 澳仕卡牛 高级金装婴儿奶粉一段900g*6罐,37040617481,0,0.9
三元 喜能宝1段 婴儿配方奶粉 638g/罐 全新系列 火热上市,37018661583,0,0.638
【买1送一】荷乐婴儿配方奶粉2段 6-12个月 荷兰进口易消化,35306614676,5,0
白金版诺优能Nutrilon 诺贝能较大婴儿配方奶粉2段 荷兰进口牛栏,37034837721,12,0
白金版诺优能Nutrilon诺贝能1段 荷兰牛栏 原装原罐进口,37040818329,1,0
贝因美金装2段500克*12袋整箱装6000g 6-12个月婴幼儿配方奶粉,37010716274,2,0.5
澳优美纳多优能丹麦原装进口婴儿奶粉2段整箱装 6-12个月900gX6罐,36728162178,0,0.9
澳洲进口OZcare澳仕卡牛1-3岁幼儿奶粉三段900g*6罐,37036411197,0,0.9
【包邮】Hollive/荷乐婴儿奶粉2段2罐 6-12个月 荷兰原装进口,35305709554,0,0
白金版诺优能Nutrilon牛栏 幼儿配方奶粉3段三段荷兰原装原罐进口,37053286446,0,0
白金诺优能Nutrilon诺贝能2段900g 荷兰牛栏 原装原罐进口,37048573560,4,0.9
澳洲直邮 Bellamys 贝拉米有机婴幼儿牛奶粉二段2段900g两罐包邮,37018543877,0,0.9
白金诺优能Nutrilon 诺贝能较大婴儿奶粉2段荷兰原装进口 4罐装,37033063062,0,0
英博牛奶粉 婴儿奶粉正品 惠臣优+牛奶粉一段380g袋装 0-6个月,18629693220,1,0.38
14年2月WISSUN/明一 天籁宝贝幼儿奶粉3段900克 MY7169,35190975809,0,0.9
欧比佳欧健幼儿配方奶粉3段800g 荷兰原装进口婴儿奶粉三段,36993736359,2,0.8
到货 新西兰karicare Aptamil爱他美新生儿婴儿奶粉1段2罐 新包装,37055759077,148,0
诺优能白金版Nutrilon 诺贝能婴儿配方奶粉1段荷兰原装原罐进口,37048224442,1,0
日本直邮 Meiji日本明治原装进口本土2段婴儿奶粉正品820g*8罐,37059551935,0,0.82
日本直邮 Meiji日本明治原装进口本土1段婴儿奶粉正品800g*8罐,37055662308,0,0.8
【天猫超市】爱尔兰进口 惠氏金装爱儿复无乳糖配方奶粉400g听装,36993731056,1,0.4
白金版诺优能牛栏Nutrilon婴幼儿配方奶粉1段荷兰原装进口一段,37060157256,9,0
【包邮】Hollive/荷乐婴幼儿奶粉3段2罐 1-3岁 荷兰原装进口,35305957317,0,0
100%澳洲进口OZcare澳仕卡牛6-18月婴幼儿奶粉二段900g*3罐,37033418177,0,0.9
Nactalia爱达力法国原装进口Care系列婴儿配方奶粉1段 单罐装800g,37080799877,4,0.8
德国原装进口包邮Aptamil爱他美2段婴幼儿配方奶粉6-10个月800g,36356376769,18,0.8
澳优原装进口有机能力多3段婴儿奶粉800g2罐装,37020269837,0,0.8
善可SanCor善可奶粉多力维3段（1-3岁）800g,37032780903,0,0.8
HIPP/喜宝有机1段德国原产原装进口正品婴幼儿奶粉3-6个月,37078851928,3,0
Friso荷兰美素佳儿原装进口婴儿奶粉1200g3段 1-3岁,37083561044,1,1.2
澳洲直邮 Bellamy’s贝拉米有机婴儿牛奶粉3段*2罐 世界3大有机奶,37069423576,346,0
白金版诺优能Nutrilon较大婴儿配方奶粉2段原装原罐进口二段牛栏,37057239016,0,0
Aubecca/欧贝嘉奶粉 超金装婴儿配方牛奶粉1段 900G听装,37054670896,2,0.9
美赞臣1段奶粉900g 安婴儿A+婴幼儿牛奶粉 正品保证 官网验证,37042875591,2,0.9
【天猫超市】新加坡进口 惠氏s26金装膳儿加GB升级配方 1200g,37010284064,0,1.2
【天猫超市】惠氏启赋三段幼儿配方奶粉400g罐装 1到3岁幼儿适用,36997901655,4,0.4
2罐减100 Nactalia爱达力法国原装进口Care配方幼儿奶粉3段 包邮,37098796673,8,0
雅士利Yashily雅士利奶粉α-金装3段（1-3岁）盒装400g,36620800674,0,0.4
荷兰本土牛栏1 1段婴儿宝宝原装进口奶粉 荷兰海外直邮,37096243901,291,0
Nactalia爱达力法国原装进口Care配方幼儿奶粉3段两罐装 正品包邮,37079750156,0,0
澳洲直邮 高端奶粉 新西兰原装进口A2白金系列婴幼儿奶粉2段,37089563165,0,0
白金诺优能Nutrilon 诺贝能较大婴儿配方奶粉2段900g 送保温杯,37083536756,2,0.9
HIPP/喜宝有机益生菌1段德国益生元进口正品婴幼儿奶粉3-6个月,37078778125,12,0
Aubecca/欧贝嘉奶粉 超金装婴儿配方牛奶粉1段400g盒装,37054990192,0,0.4
【天猫超市】惠氏启赋二段较大婴儿配方奶粉900g 6到18月的幼儿,37010052605,0,0.9
美赞臣1段奶粉1200g 安婴儿A+婴幼儿牛奶粉 正品保障 支持验证,37058040526,3,1.2
预售 澳洲直邮 新西兰karicare Aptamil爱他美 婴儿牛奶粉4段2罐,37072532556,20,0
澳洲直邮新西兰原装惠氏S-26金装婴儿配方牛奶粉2段二段 900g,37045281617,0,0.9
美赞臣2段奶粉900g 安婴宝A+婴幼儿牛奶粉 婴儿奶粉2段 正品保障,37058292446,2,0.9
【天猫超市】惠氏启赋三段幼儿配方奶粉900g 1到3岁幼儿适用装,37010024630,2,0.9
澳洲直邮 新西兰版 Wyeth惠氏S26 婴幼儿牛奶粉 一段900g两罐包邮,37103262553,0,0.9
宾博奶粉 欧洲瑞士原装原盒进口 婴儿宝宝儿童配方牛奶粉1段150g,37064222061,0,0.15
Herds/和氏 北欧莎能金装2段较大婴儿配方羊奶粉 800g,37104889647,0,0.8
荷兰直邮荷兰牛栏婴儿奶粉NutrilonPepti深度水解奶粉1段,37108859151,1,0
白金版诺优能Nutrilon牛栏幼儿配方奶粉4段四段荷兰原装原罐进口,37061373845,3,0
白金版诺优能Nutrilon 婴幼儿配方奶粉3段 荷兰牛栏 原装原罐进口,37045359263,12,0
荷兰直邮荷兰牛栏婴儿奶粉NutrilonPepti深度水解奶粉2段,37108343597,3,0
澳洲进口 OZcare澳仕卡牛 1-3岁幼儿奶粉三段900g*3罐,37053932234,0,0.9
澳洲直邮 karicare aptamil 可瑞康爱他美 婴幼儿牛奶粉3段900g,37114565010,21,0.9
荷兰本土牛栏3 3段婴儿宝宝原装进口奶粉 荷兰海外直邮,37101617250,250,0
美国直邮 Enfamil美赞臣金樽婴幼儿美版奶粉二段1080g 2罐包邮,37063804240,0,1.08
荷兰本土牛栏奶粉3段*1罐 Nutrilon 杭州保税仓直邮空运,36482290745,435,0
荷兰本土牛栏5 5段婴儿宝宝原装进口奶粉 荷兰海外直邮,37113632477,189,0
HIPP/喜宝有机益生菌2+段德国益生元进口婴幼儿奶粉5段2岁以上,37117728395,10,0
三元 喜能宝2段 较大婴儿及幼儿配方奶粉 638g/罐 全新系列,37012378007,1,0.638
HIPP/喜宝有机益生菌3段德国益生元进口正品婴幼儿奶粉10-12个月,37113252031,8,0
贝因美金装爱+婴儿配方奶粉1段1000g克适合0-6个月爱加新包装,37119847342,0,1
Topfer/特福芬1段德国原产原装正品有机婴幼儿奶粉0-6个月,37045472033,2,0
海外国际直邮 荷兰牛栏6 6段婴儿宝宝原装进口奶粉 本土空运直邮,37114144308,8,0
买就送小罐装】FIRMUS/飞鹤 星飞帆 星阶优护婴儿奶粉2段900g罐装,37120855225,3,0.9
HIPP/喜宝有机益生菌2段德国益生元进口正品婴幼儿牛奶粉6-10个月,37086649794,13,0
【好评2送1再送券】澳优原装进口有机能力多2段婴儿奶粉800g2罐装,37012746463,0,0.8
Aubecca/欧贝嘉 金装GOLD 婴儿配方牛奶粉1段 400克盒装,37049432191,0,0.4
宾博奶粉 欧洲瑞士原装原盒进口较大婴儿宝宝配方牛奶粉2段150g,37065454127,0,0.15
Mead Johnson/美赞臣3段1200g*6盒安婴儿A+配方奶粉1200克,37119915195,1,1.2
美赞臣2段奶粉1200g 安婴宝A+婴幼儿牛奶粉 正品保证 2盒包邮,37045541817,1,1.2
Baby’s Only ORGANIC/贝欧莱 有机系列 360g 三段,37113419588,1,0.36
保税区和荷兰直邮hero baby 2 2段婴儿宝宝原装进口奶粉herobaby,37097791851,44,0
Herds/和氏 北欧莎能金装3段幼儿配方羊奶粉 800g,37117480759,0,0.8
Nestle/雀巢奶粉 能恩4段金牌成长900g*6罐 3--6岁儿童奶粉,35195287989,1,0.9
丹麦Nestle雀巢能恩婴幼儿奶粉二段ha2抗过敏6-12个月600g6盒装,37125989987,23,0.6
飞鹤星飞帆星阶优护3段幼儿配方奶粉 900g听装,37118278922,40,0.9
荷兰本土牛栏2 2段婴儿宝宝原装进口奶粉 荷兰海外直邮,37114180110,285,0
【天猫超市】惠氏启赋二段较大婴儿配方奶粉400g罐装6到18月婴儿,36990074809,0,0.4
白金版诺优能Nutrilon 幼儿配方奶粉4段900g罐 荷兰牛栏 原装进口,37041070067,1,0.9
14年6月 雀巢能恩金盾2段婴儿配方奶粉900g /罐,37129346100,0,0.9
Herds/和氏 精品3段幼儿配方奶粉 900g,37118750571,6,0.9
澳洲直邮 Bellamy’s贝拉米有机婴儿奶粉2段*2罐 世界三大有机奶,37073557088,81,0
澳洲直邮 Wyeth新西兰惠氏S26婴幼儿牛奶粉3段900g 两罐包邮,37125952223,0,0.9
Topfer/特福芬2段德国原产原装正品有机婴幼儿奶粉6-10个月,37045564367,4,0
【天猫超市】Wyeth/惠氏金装学儿乐400g罐装Marigold 配方奶粉,37009940814,0,0.4
澳洲直邮 高端奶粉 新西兰原装进口A2白金系列婴幼儿奶粉3段,37106912077,13,0
荷兰本土牛栏4 4段婴儿宝宝原装进口奶粉 荷兰海外直邮,37120763811,418,0
【官方授权】 明一a尔法盾3段900克1-3岁幼儿配方奶粉,37132731565,1,0.9
澳洲直邮新西兰原装a2 PLATINUM 白金二段2段婴儿配方奶粉 900g,37091068983,0,0.9
HIPP/喜宝益生菌Pre段德国有机益生元正品进口婴幼儿奶粉0-3个月,37097456296,13,0
荷兰直邮荷兰牛栏婴儿奶粉NutrilonHA1段防过敏抗过敏型,37130800312,1,0
澳洲直邮 karicare aptamil 可瑞康爱他美 婴幼儿牛奶粉4段900g,37114257341,11,0.9
HIPP/喜宝有机益生菌1+段德国益生元进口婴幼儿奶粉4段1岁以上,37113424048,14,0
澳洲直邮Bellamy’s贝拉米新生儿有机婴儿牛奶粉1段*2罐 原装进口,37073521390,104,0
Herds/和氏 精品1段婴儿配方奶粉 900g,37126201082,1,0.9
澳洲直邮 a2 Platinum新西兰原罐原装白金系列高端牛奶粉二段900g,37117224940,1,0.9
送小厅】飞鹤星飞帆2段900g 星阶优护 较大婴儿奶粉 正品900g,37120683439,0,0.9
宾博奶粉 欧洲瑞士原装原盒装进口 幼儿宝宝配方牛奶粉3段150g,37073385228,0,0.15
德国原装进口Nestle/雀巢超级能恩1段800g/罐 最新日期,37130859275,0,0.8
荷兰直邮荷兰牛栏婴儿奶粉Nutrilon晚安奶粉2段,37126969592,1,0
【天猫超市】Wyeth/惠氏金装幼儿乐900g罐装Marigold 配方奶粉,37136786693,0,0.9
荷兰直邮荷兰牛栏婴儿奶粉Nutrilon Soja 多种维他命豆奶粉1段,37126312357,0,0
德国原装进口 Nestle/雀巢超级能恩2段800g /罐 最新日期,37130899317,0,0.8
贝因美金装500克3段*12袋整箱装6000g 1-3岁幼儿配方奶粉,36987402074,21,0.5
贝欧莱有机婴幼儿奶粉 Baby’s Only美国原装进口3段360g有防伪,37046423268,0,0.36
澳洲直邮新西兰原装a2 PLATINUM 白金一段1段婴儿配方奶粉 900g,37091096389,0,0.9
明一奶粉 金智婴3段900克 1-3岁幼儿配方奶粉,37131614470,3,0.9
Herds/和氏 精品2段较大婴儿配方奶粉 900g,37120051841,2,0.9
贝因美金装爱+婴儿配方奶粉1段900g克适合0-6个月爱加新包装,37126381047,0,0.9
Abbott/雅培 金盾升级 624g 三段,37127290369,3,0.624
日本直邮 Wakodo日本和光堂原装进口本土1段婴儿奶粉正品850g,36995648722,0,0.85
正品惠氏启赋2段900克 较大婴幼儿配方奶粉 欧洲原装进口现货直供,37045833271,0,0.9
飞鹤星飞帆1+婴幼儿配方奶粉 700g/听 3-6个月 部分地区免邮,37115123910,0,0.7
【官方授权】明一a尔法盾2段900克6-12个月较大婴儿配方奶粉,37131818238,6,0.9
贝因美金装爱+爱加幼儿配方奶粉3段900g克1-3周岁新包装包邮,37119983565,5,0.9
白金诺优能Nutrilon 诺贝能婴儿配方奶粉1段荷兰原装原罐进口,37070517964,0,0
Herds/和氏 A+A听装1段婴儿配方奶粉 900g,37144397780,3,0.9
Wyeth惠氏 S-26金装健儿乐较大婴儿和幼儿配方奶粉1600g/罐 2段,37151653462,2,1.6
最新版本 karicare aptamil 可瑞康爱他美婴幼儿牛奶粉1段900g,37126480559,2,0.9
Aubecca/欧贝嘉 金装GOLD 婴儿配方牛奶粉3段 400G盒装,37070849782,0,0.4
德国原装进口包邮Aptamil爱他美婴儿奶粉成长1+ 1-2岁新配方600g,36356452232,23,0.6
Wyeth/惠氏4段金装学儿乐400g*3盒装1200g克智学因子儿童配方奶粉,37121530417,0,0.4
14年4月德国进口雀巢超级能恩3段800g克*1罐防敏奶粉,36485170435,0,0.8
Frisolac 美素力 金装婴儿配方奶粉 (1段0-6个月) 900g/罐,37143186331,2,0.9
多美滋精确盈养1段0-6个月心护婴儿配方奶粉400g盒装 一段,37144406895,20,0.4
保税区和荷兰直邮hero baby 1 1段婴儿宝宝原装进口奶粉herobaby,37115400350,39,0
原装进口Wyeth/惠氏启赋2段900g较大婴幼儿牛奶粉整箱江浙沪包邮,37121066087,0,0.9
两听减20贝因美冠军宝贝2段1000g克6-12个月较大婴儿配方奶粉包邮,37126709654,3,1
原装进口Wyeth/惠氏启赋4段900g克儿童奶粉3岁以上特价包邮,37128441989,5,0.9
澳洲直邮 Bellamys 贝拉米有机婴幼儿牛奶粉三段3段900g两罐包邮,37046664046,22,0.9
【直邮】英国本土牛栏1段(0-6月)奶粉(Cow&Gate) 900克,37149739479,92,0.9
多美滋精确盈养2段6-12个月延续较大婴儿配方奶粉400g盒装 二段,37144590725,9,0.4
惠氏S-26金装健儿乐较大婴儿和幼儿配方奶粉1200g（2段6-18个月）,37162788358,0,1.2
HIPP/喜宝有机2段德国婴幼儿进口正品牛奶粉新生儿宝宝6-10个月,37075410699,18,0
Nestle雀巢 能恩较大婴儿及幼儿配方奶粉900g/罐（2段6-18个月）,37163992133,2,0.9
Wyeth/惠氏4段金装学儿乐400g克盒装智学因子3-7岁儿童配方奶粉,37128777719,1,0.4
NEUFIT/纽菲特 丽多灵3段婴儿配方奶 400g盒装 三段 1盒,37140001826,8,0.4
海外国际直邮 荷兰牛栏香草4 4段婴儿宝宝原装进口奶粉 本土直邮,37126733982,7,0
Herds/和氏 澳智健升级金3段幼儿配方羊奶粉 800g,37136230055,0,0.8
2罐顺丰包邮 14年新货 德国原装进口 雀巢超级能恩3段800g /罐,37149632503,0,0.8
Abbott雅培 菁智婴儿配方奶粉 智护100 900g/罐（1段0-12个月）,37163296702,0,0.9
宝素力加护100 幼儿配方牛奶粉3段 900g罐装 买1送2小罐,37174849723,2,0.9
Wyeth惠氏 S-26金装学儿乐学龄前儿童配方奶粉1200g（4段3-7岁）,37143426296,7,1.2
保税区和荷兰直邮hero baby 3 3段婴儿宝宝原装进口奶粉herobaby,37115428613,42,0
Aubecca/欧贝嘉奶粉 超金装婴儿配方牛奶粉2段400g盒装,37075876017,1,0.4
Nestle雀巢 雀巢能恩幼儿配方奶粉900g（3段1-3岁）,37163436786,6,0.9
宝素力加护金装 婴儿配方牛奶粉1段 400g盒装,37172159203,0,0.4
Nutribén/幼之本(原名 纽滋本)婴幼儿配方奶粉3段送积分组合灌装,35719133247,0,0
【天猫超市】荷兰原装进口 美素力婴儿配方奶粉1段 0~6月 900g 新,37046691747,6,0.9
Friso 美素佳儿 金装幼儿配方奶粉（3段1-3岁）1200g优惠装,37143902338,0,1.2
【天猫超市】Wyeth/惠氏金装健儿乐1600g罐装Marigold 配方奶粉,37136986153,0,1.6
澳洲直邮 karicare aptamil 可瑞康爱他美 婴幼儿牛奶粉2段900g,37126812555,0,0.9
雀巢奶粉 力多精1段400g克婴儿奶粉盒装 400g*12盒 婴儿奶粉正品,35196180444,1,0.4
德国进口包邮新版配方爱他美Aptamil pre段婴幼儿奶粉0-3个月800g,36356592854,23,0.8
宝素力加护金装 幼儿配方牛奶粉3段 400g盒装,37172467736,2,0.4
飞鹤星飞帆星阶优护3段幼儿配方奶粉 400g盒装,37138724052,56,0.4
【直邮】英国本土牛栏4段(1-2岁)奶粉900克(Cow&Gate) 6罐包邮,37179376171,148,0.9
美赞臣奶粉3段1200g克4盒整箱3袋装1200克安儿宝A+婴幼儿配方奶粉,37195916172,0,1.2
HIPP/喜宝有机4段1+段德国有机进口婴幼儿成长奶粉12个月以上,37075978556,38,0
保税区和荷兰直邮hero baby 5 5段婴儿宝宝原装进口奶粉herobaby,37115464563,27,0
雅士利Yashily雅士利奶粉幼儿配方3段（1-3岁）袋装700g,36620648172,0,0.7
贝因美普装爱加1000g克 爱加A+1段婴儿配方奶粉0-6个月新包装,37138704771,0,1
澳洲直邮Nestle雀巢HA超级能恩婴儿配方奶粉一段1段800g德国原装,37136309241,9,0.8
美赞臣 安儿宝3段900g罐装奶粉 1-3岁 14年1月 进口奶源,19623932641,0,0.9
Yabais/雅贝氏澳洲进口奶源 儿童成长奶粉4段980g 3-7岁低聚果糖,37074101078,2,0.98
澳洲直邮Nestle雀巢HA超级能恩婴儿配方奶粉三段3段800g德国原装,37148656336,10,0.8
澳洲直邮Bellamy’s贝拉米一段 澳大利亚新生儿有机婴儿牛奶粉1段,37195939900,0,0
荷兰直邮荷兰牛栏婴儿奶粉Nutrilon牛栏5段400g,37126937591,6,0.4
Wyeth/惠氏金装膳儿加900g克 儿童偏食挑食宝宝营养奶粉,37170531269,1,0.9
Wyeth惠氏S-26金装爱儿乐婴儿配方奶粉1600g罐装（1段0-12个月）,37144342835,2,1.6
宝素力加护金装 较大婴儿配方牛奶粉2段 400g盒装,37178645797,0,0.4
贝因美金装爱+较大婴儿配方奶粉2段900g克6-12个月爱加新包装包邮,37138532899,0,0.9
商城正品德国特福芬阿尔高婴儿配方奶粉1段600克非有机满就有电摩,37046720831,8,0.6
保税区和荷兰直邮hero baby 4 4段婴儿宝宝原装进口奶粉herobaby,37115552309,38,0
澳洲直邮 新西兰可瑞康karicare Aptamil爱他美婴儿奶粉2段,37195715613,1,0
澳洲直邮新西兰原装a2 PLATINUM 白金三段3段婴儿配方奶粉 900g,37074199652,2,0.9
【2件多省包邮】德国进口雀巢超级能恩防敏奶粉3段800g听装,37042014513,1,0.8
Dumex多美滋优阶贝护1段婴儿配方奶粉新生儿牛奶粉 6个月400g盒,37142789894,2,0.4
14年5月雀巢能恩金盾3段900g/罐幼儿配方奶粉 特价！,37149400008,29,0.9
Nutribén/幼之本(原名 纽滋本)幼儿配方奶粉3段900g*2灌,35719017886,0,0.9
白金诺优能Nutrilon 幼儿配方奶粉3段荷兰原装原罐进口 送保温杯,37066835568,1,0
宝素力奶粉 加护100 较大婴儿配方牛奶粉2段 900g罐装 买1送2小罐,37186720927,0,0.9
宝素力加护金装 婴儿配方牛奶粉2段 900g罐装 买1送2小罐,37166135830,0,0.9
贝因美冠军宝贝1段1000g克0-6个月婴儿配方奶粉罐装不刮码新包装,37139268407,0,1
Yashily 雅士利a金装3段幼儿奶粉400g袋装 1--3岁适用,36734575012,0,0.4
预售澳洲直邮新西兰可瑞康karicare Aptamil爱他美 婴儿牛奶粉3段,37202873902,0,0
澳洲邮政发货 新西兰可瑞康Aptamil爱他美新生儿婴儿奶粉1段,37202765039,0,0
Herds/和氏 金澳聪健1段婴儿配方奶粉 900g,37150616456,0,0.9
贝欧莱有机婴幼儿奶粉 Baby’s Only 美国原装进口2段360g,37050177448,0,0.36
Herds/和氏 A+A听装2段较大婴儿配方奶粉 900g,37138191148,6,0.9
澳优美纳多优能丹麦原装进口婴儿奶粉3段整箱装 1-3岁 900gX6罐,36743648764,0,0.9
【官方授权】明一金智婴1段900克 0-12个月婴儿配方奶粉,37139317379,0,0.9
Herds/和氏 金澳聪健2段较大婴儿配方奶粉 900g,37138181781,0,0.9
Herds/和氏 超金装 3段幼儿配方奶粉 900g,37226956613,4,0.9
多美滋精确盈养3段12-36个月幼儿配方奶粉900g罐装 三段,37228230916,21,0.9
多美滋精确盈养3段12-36个月幼儿配方奶粉400g盒装 三段,37228419991,24,0.4
白金诺优能Nutrilon 幼儿配方奶粉3段900g荷兰原装原罐进口新品,37150856081,0,0.9
【正品】正品惠氏启赋1段900g0-12个月婴儿配方奶粉欧洲原装进口,37042123122,0,0.9
Herds/和氏 金澳聪健3段幼儿配方奶粉 900g,37138113974,0,0.9
澳洲直邮正品 Bellamy’s贝拉米二段澳大利亚正品有机婴儿奶粉2段,37195542696,1,0
澳洲原罐原装进口 accszhe澳邦 婴幼儿奶粉 1-3岁 三段 900g/罐,37222485239,1,0.9
澳洲原罐原装进口 accszhe澳邦 全脂奶粉 800g/罐,37226938181,0,0.8
澳洲原罐原装 OZcare/澳仕卡牛 进口高级金装婴幼儿奶粉一段900g,37050528465,1,0.9
惠氏 S-26升级配方金装健儿乐1200g 2段6-18个月婴儿奶粉 包邮,36336892599,0,26
Wyeth/惠氏3段金装幼儿乐400g克盒装智学因子幼儿配方奶粉正品,37141228604,0,0.4
2罐减100 Nactalia爱达力法国原装进口Care配方婴幼儿奶粉2段正品,37086145795,10,0
Wyeth/惠氏4段金装学儿乐900g克罐装智学因子3-7周岁儿童配方奶粉,37141120405,0,0.9
Bimbosan宾博奶粉盒装瑞士进口奶粉1段900g（150*6）,37230766601,1,0.9
Wyeth/惠氏一段1200g 金装爱儿乐（新配方）,36682001962,10,1.2
【官方授权】明一a尔法盾1段900克 0-6个月婴儿配方奶粉,37139433008,13,0.9
益益奶粉 金贵族3段（1-3周岁）幼儿成长配方奶粉432g盒装 正品,37191502245,11,0.432
【德国直邮】HiPP喜宝Bio有机奶粉 1段(0-6个月),37213958187,0,0
宝素力奶粉 加护100婴儿配方牛奶粉1段 900g罐装,37186012747,4,0.9
澳洲进口 OZcare澳仕卡牛6-18月婴儿奶粉二段900g*6罐,37052980618,0,0.9
原装进口Wyeth/惠氏启赋3段900g幼儿配方奶粉1-3岁整箱江浙沪包邮,37141108251,3,0.9
【预售】澳洲邮政发货可瑞康karicare Aptamil爱他美婴儿奶粉4段,37203101366,0,0
买3送1】Ausnutria/澳优正品 欧选婴儿奶粉三段600g/盒 1原装进口,37250937003,0,0.6
Wyeth惠氏 S-26金装幼儿乐幼儿配方奶粉1600g/罐（3段1-3岁）,37239168123,3,1.6
澳洲原罐原装进口accszhe/澳邦 婴幼儿奶粉 0-6个月 一段900g*6罐,37237980103,0,0.9
【2罐包部分快递】飞鹤 星飞帆3段900g 星阶优护幼儿奶粉罐装正品,37139444216,9,0.9
Wyeth/惠氏2段 金装健儿乐400g克盒装 智学因子较大婴幼儿奶粉,37141104886,0,0.4
Nactalia爱达力法国原装进口Care配方幼儿奶粉2段两罐装 正品包邮,37213810348,2,0
惠氏 S-26升级新配方 金装学儿乐1200g 4段3-7岁牛奶粉 包邮,36335208509,0,26
Franber/法兰贝尔 金钻二段婴幼儿配方牛奶粉2段900g【买三送一】,36735764695,1,0.9
Babys Only贝欧莱 美国原装进口婴幼儿有机配方奶粉3段360g*2罐,37226107831,2,0.36
美国直邮Enfamil美赞臣美版 新生儿 0-3个月特制奶粉盒装941g正品,37178344199,0,0.941
澳洲原罐原装进口accszhe 澳邦婴幼儿奶粉 1-3岁 三段 900g*4罐,37218279414,0,0.9
德国直邮 喜宝HiPP益生菌益生元Combiotik奶粉PRE段(0-6个月)600g,37222313792,0,0.6
Bimbosan宾博盒装瑞士进口奶粉较大婴儿配方奶粉2段900g（150*6）,37250956573,5,0.9
【买就送】Holle泓乐3段宝宝奶粉婴儿德国进口有机奶粉600gX2盒,37253318001,1,0.6
白金版诺优能Nutrilon 幼儿配方奶粉3段荷兰原罐进口三段两罐牛栏,37229178659,0,0
Wyeth/惠氏3段金装幼儿乐900g克罐装智学因子幼儿配方奶粉正品,37141084507,0,0.9
澳洲原罐原装进口accszhe澳邦婴幼儿奶粉 6-12个月 二段 900g*6罐,37238096072,0,0.9
【德国直邮】喜宝HiPP益生菌Combiotik奶粉原装 1段(0-6个月)600g,37234440234,0,0.6
益益乳业 金牌幼儿配方奶粉三段（1-3岁）405g盒装 直营正品,37252329407,2,0.405
正品贝欧莱二段美国原装进口有机婴幼儿牛奶粉2段360g*2罐装包邮,37225919471,2,0.36
【德国直邮】HiPP喜宝Bio有机奶粉 2段(6-10个月),37221485989,0,0
荷兰直邮 七日送达 Nutrilon荷兰牛栏本土婴儿奶粉4段正品800g,37252874536,0,0.8
宝素力加护金装 幼儿配方牛奶粉3段 900g罐装 买1送2小罐,37189152701,2,0.9
白金版诺优能牛栏婴幼儿配方奶粉1段荷兰原装原罐进口一段双罐,37229607669,0,0
14年2月WISSUN/明一天籁宝贝婴幼儿奶粉2段900克 MY7152,35189997860,0,0.9
Yshily 雅士利a金装3段幼儿配方奶粉400g克盒装正品保证,36730766873,0,0.4
澳洲原罐原装进口accszhe 澳邦婴幼儿奶粉 1-3岁 三段 900g*6罐,37218146068,0,0.9
Herds/和氏 超金装 3段幼儿配方奶粉 400g,37240719602,0,0.4
宝素力奶粉 加护100较大婴儿配方奶粉2段 400g盒装,37210843619,0,0.4
14年6月多美滋精确盈养2段6-12个月延续较大婴儿奶粉900g罐装二段,37266077184,19,0.9
澳洲原罐原装进口accszhe/澳邦 婴幼儿奶粉 0-6个月 一段900g*4罐,37225093057,0,0.9
澳洲邮政发货 Bellamy’s贝拉米3段 澳大利亚有机婴儿牛奶粉1~3岁,37203161889,0,0
加拿大直邮雀巢婴儿奶粉Good Start舒适蛋白加强免疫一段640g,37258573846,0,0.64
惠氏S-26金装健儿乐较大婴儿和幼儿全新配方奶粉2段900G 婴儿奶粉,36743510340,0,0.9
Wyeth/惠氏3段金装幼儿乐3200g*4盒八联包 1-3岁婴幼儿奶粉,36335520256,0,3.2
荷兰直邮 七日送达 Nutrilon荷兰牛栏本土婴儿奶粉3段正品800g,37253695097,0,0.8
包邮正品德国原装进口高品质 雀巢超级能恩1段800g两罐装婴儿奶粉,37235668871,0,0.8
明一金智婴2段900克6-18个月 较大婴儿配方奶粉,37139113925,2,0.9
Herds/和氏 北欧莎能金钻2段较大婴儿配方羊奶粉 800g,37241011030,3,0.8
森永 3段幼儿荷兰奶粉900g 添加乳铁蛋白 DHA+ARA 双重益生元,36733260409,33,0.9
14年4月多美滋精确盈养4段36个月以上儿童配方奶粉900g罐装四段,37262096698,5,0.9
澳洲原罐原装进口accszhe澳邦 全脂奶粉 800g*4罐,37259288886,0,0.8
澳大利亚原装进口 迈高婴儿奶粉能速达经典配方新生儿奶粉1段800g,37266698777,4,0.8
包税包清关 加拿大直邮美赞臣Enfamil A+ 金装一段婴儿奶粉992g,37271204883,0,0.992
14年5月多美滋精确盈养4段36个月以上儿童配方奶粉400g盒装 四段,37268403731,18,0.4
买3送1】Ausnutria/澳优正品 欧选婴儿奶粉二段600g/盒 原装进口,37262500914,0,0.6
丹麦直邮本土原装进口Arla/欧世阿拉 婴儿有机奶粉1段0-6个月800g,37139216713,0,0.8
13年10月 原装进口雅培金装亲护奶粉2段 820g/罐,37254683921,4,0.82
【直邮】英国牛栏2段(0-12月饥饿型)900克(Cow&Gate) 6罐包邮,37267967959,8,0.9
澳大利亚原装进口 迈高 能速达经典婴幼儿配方牛奶粉金装3段800g,37266702840,52,0.8
澳洲原罐原装进口accszhe澳邦 全脂奶粉 800g*2罐,37259336074,0,0.8
宾博奶粉 欧洲瑞士原装原罐进口 1段听800g 宝宝婴儿配方牛奶粉,36733767239,0,0.8
【德国直邮】喜宝HiPP益生菌Combiotik奶粉原装 2+(2岁以上)600g,37215371397,0,0.6
holle泓乐 德国原装进口婴儿有机奶粉 0~6个月 1段X2盒,37253002608,2,0
澳洲原罐原装进口accszhe澳邦婴幼儿奶粉 6-12个月 二段 900g*4罐,37237368263,0,0.9
新西兰直邮 Karicare可瑞康金装4段婴幼儿配方奶粉 900g*6罐,37269642859,21,0.9
【德国直邮】HiPP喜宝Bio有机奶粉 12+(12个月以上),37221309807,0,0
迈高奶粉 n+婴儿奶粉 澳大利亚进口奶粉新生儿宝宝奶粉1段900g,37274929082,5,0.9
直邮 英国爱他美2段(0-12月饥饿型)900克(Aptamil) 6罐包邮,37268103719,5,0.9
Ausnutria/澳优正品 欧选婴儿奶粉一段600g/盒 100%荷兰原装进口,37262572278,0,0.6
Herds/和氏 超金装 2段较大婴儿配方奶粉 400g,37260152728,1,0.4
迈高奶粉 n+婴儿奶粉 澳大利亚进口奶粉 宝宝奶粉幼儿奶粉3段900g,37266886520,4,0.9
14年5月多美滋精确盈养1段0-6个月心护婴儿奶粉800g易乐罐 一段,37276913914,2,0.8
Similac雅培金盾美版二段2段婴幼儿进口奶粉964g 新版免邮正品,37145471012,0,0.964
Similac雅培金盾美版二段2段婴幼儿配方牛奶粉964g*2罐 正品免邮,37241110745,0,0.964
新西兰直邮 Karicare可瑞康黄金2段婴幼儿配方奶粉 原箱900g*6罐,37269358628,3,0.9
Nutrilon/诺优能(牛栏)2段较大婴儿配方奶粉900克*4罐,37271858821,0,0.9
培儿贝瑞 新西兰原罐原装进口 亲衡婴幼儿新生儿配方奶粉 400g1段,37276265444,11,0.4
明一金智婴婴儿奶粉3段幼儿牛奶粉1-3周岁三段1200g盒袋装3联包,37268051478,51,1.2
迈高奶粉 金装能速达婴儿奶粉2段900g 澳大利亚进口幼儿奶粉,37267030822,6,0.9
培儿贝瑞 新西兰原罐进口 健衡 婴幼儿新生儿奶粉1段900g 益生菌,37275085211,4,0.9
贝因美 冠军宝贝婴儿牛奶粉1段908克装2罐1816克正品 新鲜日期,35430481214,1,0.908
雅士利Yashily雅士利奶粉α-金装2段（6-12个月）900g,36619648421,0,0.9
培儿贝瑞新西兰原罐原装进口亲衡 较大婴儿配方奶粉2段400g不上火,37276261801,3,0.4
培儿贝瑞 新西兰原罐进口 亲衡 婴幼儿奶粉3段900g 益生元不上火,37277605847,17,0.9
新/澳直邮 Karicare可瑞康普通1段婴幼儿配方奶粉 900g*6罐,37270166767,0,0.9
德国直邮 美乐宝Aptamil新版德国爱他美婴儿奶粉3段 10-12个月,37215398864,126,0
明一 英慧儿 2段较大婴儿配方奶粉900g听装适合6-12个月最新日期,37268048650,2,0.9
新西兰直邮 Karicare可瑞康普通3段婴幼儿配方奶粉 900g*6罐,37271699211,0,0.9
澳洲原罐原装进口accszhe/澳邦婴幼儿奶粉 0-6个月一段900g*2罐,37224201740,0,0.9
澳洲原罐原装进口 accszhe澳邦 婴幼儿奶粉 6-12个月 二段900g/罐,37221161802,2,0.9
法兰贝尔奶粉 呵护二段婴幼儿配方牛奶粉2段400G袋装,37280619486,2,0.4
新西兰直邮 Karicare 可瑞康金装3段婴幼儿奶粉 6罐包邮,37277441938,31,0
明一 智婴优盾较大婴儿配方 900g 二段金智婴升级装,37287088373,0,0.9
澳洲原罐原装进口accszhe澳邦婴幼儿奶粉6-12个月二段900g*2罐,37216926229,0,0.9
【拍下减】培儿贝瑞新西兰原罐进口健衡婴幼儿奶粉3段900g 不上火,37275329793,37,0.9
【德国直邮】HiPP喜宝Bio有机奶粉 Pre段(0-6个月),37233032831,1,0
荷兰直邮 七日送达 Nutrilon荷兰牛栏本土婴儿奶粉2段正品850g,37260769017,0,0.85
明一奶粉金智婴奶粉1段婴儿奶粉一段900g0-6个月配方听罐装奶粉,37282598054,6,0.9
美素力GOLD金装婴儿配方奶粉400g(1段),37287972873,0,0.4
Wyeth惠氏 S-26金装幼儿乐幼儿配方奶粉1200g/盒（3段1-3岁）,37219543493,444,1.2
明一a尔法盾2段婴幼儿牛奶粉二段奶粉900g 听装罐装,36793592328,0,0.9
Babys Only贝欧莱 美国原装进口婴幼儿有机配方奶粉3段900g*2罐,37233205918,2,0.9
光明优幼奶粉 一段5星全能成长配方 金装优幼1段奶粉900g罐装,36745030023,1,0.9
迈高奶粉 n+婴儿奶粉 澳大利亚进口奶粉 宝宝奶粉幼儿奶粉4段900g,37287040578,24,0.9
friso美素佳儿3段金装婴幼儿配方奶粉900g 荷兰进口 2听包邮 正品,37273531870,0,0.9
雀巢能恩2段900g两罐装 配方婴儿奶粉 正品包邮最新日期进口奶源,37236308269,57,0.9
明一天籁慧贝较大婴儿奶粉2段 奶粉二段牛奶粉900g,37271595061,0,0.9
宝素力奶粉 加护100幼儿配方奶粉3段 400g盒装,37210503695,0,0.4
[送拉杆箱]诺优能白金版Nutrilon幼儿配方奶粉3段荷兰原装进口,36667336273,161,0
迈高 澳大利亚原装进口婴儿奶粉 能速达金装幼儿配方奶粉3段800g,37286896469,48,0.8
法兰贝尔呵护系列三段婴幼儿配方牛奶粉 400g袋装奶粉,37279810346,9,0.4
Herds/和氏 A+A盒装3段婴儿配方奶粉 400g,37288419704,1,0.4
培儿贝瑞 新西兰原罐原装进口亲衡 婴幼儿配方奶粉3段400g不上火,37289628678,0,0.4
13年10月 原装进口雅培金装亲护奶粉1段 820g/罐,37273756401,29,0.82
明一天籁慧贝婴儿奶粉3段 幼儿奶粉三段900g,37271403452,0,0.9
Herds/和氏 超金装 2段较大婴儿配方奶粉 900g,37214825338,2,0.9
澳大利亚原装进口 迈高 能速达经典婴幼儿配方牛奶粉金装2段800g,37286988456,14,0.8
加拿大直邮雅培奶粉2段Similac Go & Grow Omega-3-6 二段658克,37267323794,0,0.658
新西兰直邮 Karicare可瑞康普通2段婴幼儿配方奶粉 900g*6罐,37278001692,0,0.9
新西兰原装进口 纽瑞滋超级金装婴儿配方奶粉二段300g 2段OPO,36296779970,0,0.3
培儿贝瑞 新西兰原罐进口亲衡婴幼儿新生儿配方奶粉1段900g罐装,37289936477,24,0.9
明一a尔法盾奶粉2段婴幼儿牛奶粉二段奶粉900g 听装罐装6-12个月,37311624120,9,0.9
培儿贝瑞 新西兰原罐原装进口 亲衡 婴幼儿配方奶粉2段900g不上火,37289888804,21,0.9
明一a尔法盾婴儿2段较大婴儿二段1200g袋盒装6-12个月3联包奶粉,37278029278,0,1.2
明一奶粉金智婴6-18月奶粉2段较大婴儿和幼儿配方牛奶粉900g听罐,37315132121,5,0.9
明一金智婴较大婴儿奶粉2段 奶粉二段900g听装,37311103140,0,0.9
贝因美奶粉 经典优选幼童配方奶粉4段908g 正品,37316983609,8,0.908
荷兰直邮 七日送达 Nutrilon荷兰牛栏本土婴儿奶粉5段正品800g,37272792961,0,0.8
澳洲原罐原装进口accszhe 澳邦婴幼儿奶粉 1-3岁 三段 900g*2罐,37217106044,0,0.9
【德国直邮】HiPP喜宝Bio有机奶粉 3段(10-12月),37233420858,0,0
【德国直邮】喜宝HiPP益生菌Combiotik奶粉原装2段(6-10个月)600g,37214779863,1,0.6
明一a尔法盾婴儿奶粉1段0-6个月婴儿奶粉一段牛奶粉900g听罐装,37311560329,1,0.9
明一金智婴3段幼儿配方奶粉1-3周岁婴幼儿3段奶粉900g听罐装,37315100225,5,0.9
MeadJohnson美赞臣 安婴儿A+ 二段 1200g/克盒装 婴幼儿牛奶粉,36669263527,0,1.2
贝因美奶粉 经典优选幼儿宝宝配方奶粉3段908g 官方正品,37325161052,7,0.908
明一a尔法盾奶粉3段特惠幼儿奶粉三段3联包盒袋装1-3岁牛奶粉,37278093087,11,0
宝素力奶粉 加护100婴儿配方奶粉1段 400g盒装,37217181348,0,0.4
澳洲直邮 新西兰可瑞康金装karicare Aptamil爱他美 婴儿奶粉2段,37320277299,0,0
新品包邮 新西兰原装进口 ANMUM/安满 满睿幼儿奶粉 三段 900g,37272694561,0,0.9
贝因美奶粉 经典优选初生婴儿宝宝配方奶粉1段908g 官方正品,37316299736,3,0.908
雅培奶粉 金装智护100幼儿喜康力三联包1200g/盒装3段江浙沪包邮,37317133374,5,1.2
进口雅培智护婴儿喜康宝奶粉1段一段400g三联包,37333234899,5,0.4
Nestle雀巢 超级能恩较大婴儿及幼儿配方奶粉800g（2段6-18个月）,37217327394,69,0.8
雅培2段喜康力较大婴儿配方奶粉1200克g盒 2盒江浙沪包邮,37317269118,4,1.2
明一a尔法盾婴儿奶粉3段 幼儿奶粉三段4800g盒装,37330632161,0,4.8
【德国直邮】喜宝HiPP益生菌Combiotik奶粉 1+(12个月以上) 600g,37214639951,0,0.6
贝因美奶粉 经典优选较大婴儿配方奶粉2段908g罐装 官方正品,37324705992,3,0.908
加拿大直邮雀巢婴儿奶粉Good Start舒适蛋白低敏二段730g,37298612807,0,0.73
新/澳直邮 亨氏HEINZ益生元婴幼儿配方奶粉 金裝1段 6罐包邮,37278509373,0,0
澳洲Farmland 农佳美/farmdaisy 原装进口奶粉二段900g*1罐,37318127972,14,0.9
四盒包邮 原装进口雅培智护100喜康力3段400g盒装,37333426498,0,0.4
厂家正品授权 公司防伪码 400g太子乐金装乳清2段 限购6袋以内,36668257926,1,0.4
迈高 澳大利亚原装进口婴儿奶粉 能速达金装幼儿配方奶粉1段800g,37267391314,9,0.8
包邮正品雀巢瑞铂能恩3段800g听装 三段800克瑞士原装进口奶粉,37333062362,0,0.8
澳洲原罐原装进口 accszhe/澳邦 婴幼儿奶粉 0-6个月一段900g/罐,37214004957,0,0.9
法姆兰德 婴儿配方奶粉 900g 全阶段,37318386340,2,0.9
新西兰原装进口 ANMUM/安满满智较大婴儿奶粉 二段 900g,37273283991,0,0.9
多美滋精确盈养3段12-36个月幼儿配方奶粉400g盒装 三段,37339457668,1,0.4
新西兰原装进口 安满 满儿 婴儿奶粉一段0-6个月 900g/罐,37293216167,0,0.9
【德国直邮】喜宝HiPP益生菌Combiotik奶粉 3段(10-12个月) 600g,37233928588,0,0.6
包邮德国原装进口防过敏 雀巢超级能恩2段800g两罐装 婴儿奶粉,37216406297,2,0.8
新西兰直邮 Wyeth惠氏S26金装2段婴儿幼儿奶粉 6罐包邮,37278729749,0,0
澳洲直邮 新西兰原装进口A2白金系列高端婴幼儿奶粉1段 900g,37336889468,0,0.9
雅士利 安贝慧 婴儿配方奶粉 3段 400g盒装 1-3岁,36296155235,0,0.4
白金版诺优能Nutrilon牛栏较大婴儿奶粉2段荷兰原装二段进口两罐,37236637232,1,0
澳洲Farmland 农佳美/farmdaisy 原装进口奶粉三段900g*2罐,37338925446,0,0.9
friso美素佳儿2段金装婴儿配方奶粉900g 荷兰进口 2听包邮 正品,37273471885,0,0.9
Wyeth/惠氏4段 900g 金装学儿乐（新配方）,36683461359,0,0.9
厂家正品授权 公司防伪码 400g太子乐金装乳清3段 限购6袋以内,36668361876,0,0.4
正品辉山一段1段婴儿配方奶粉1段900g克罐一段 听装灌装,37332072341,1,0.9
MeadJohnson美赞臣 安儿宝A+幼儿配方奶粉 3段1-3岁 1200g/盒,37236652974,20,1.2
美优高 原装 800g 二段,37335094186,0,0.8
英国直邮德国喜宝益生菌奶粉3段(6-12月)(HIPP) 唯一一款有机奶,37340699427,5,0
德国直邮 原装进口 美乐宝Aptamil新版爱他美奶粉 2+(2-6岁) 600g,37216491208,66,0.6
澳洲直邮正品 Bellamy’s贝拉米2段有机婴儿奶粉 EfQeAeAe,37336549439,0,0
雅士利 金装安贝慧 2段 800g奶粉 听装,36831587881,0,0.8
厂家直发 明一天籁慧贝较大婴儿奶粉2段 二段牛奶粉900g听装,37308549517,0,0.9
包邮 6件再减50元 雅培智护儿童喜康力奶粉4段四段900g罐装,37340433854,1,0.9
德国直邮 原装进口 美乐宝Aptamil新版爱他美奶粉 1段(0-6个月),37215798539,415,0
Herds/和氏 A+A盒装2段较大婴儿配方奶粉 400g,37308196187,0,0.4
澳洲原罐原装进口accszhe/澳邦婴幼儿奶粉 6-12个月 2段 900g*2罐,37339602460,0,0.9
贝因美奶粉 经典优选婴幼儿配方奶粉3段908g*2罐 官方正品,37349900791,5,0.908
澳洲直邮正品 Bellamy’s贝拉米1段 澳大利亚有机婴儿奶粉900g,37336457217,0,0.9
加拿大直邮雀巢婴儿奶粉Good Start舒适蛋白加强免疫二段640g,37222286270,1,0.64
Ausnutria/澳优官方正品100%原装进口能力多婴儿配方奶粉一段400g,18628722014,4,0.4
澳洲直邮 新西兰原装进口A2白金系列高端婴幼儿奶粉3段 900g,37347996776,0,0.9
进口雅培亲护奶粉1段一段820g罐装 0-12个月易消化,37345845698,35,0.82
买一送一 雅培小安素香草味草莓味900g罐装1岁以上挑食偏食,37336434906,4,0.9
Herds/和氏 A+A盒装1段婴儿配方奶粉 400g,37295821706,0,0.4
新西兰直邮 Wyeth惠氏S26金装1段婴儿幼儿奶粉 6罐包邮,37290508044,0,0
明一a尔法盾较大婴儿奶粉2段 幼儿奶粉二段4800g盒装,36793592297,0,4.8
德国直邮 原装进口 美乐宝Aptamil新版爱他美奶粉 2段　6-10个月,37215939668,337,0
包邮6罐减50 进口雅培亲护奶粉2段二段820g罐装6-18个月易消化,37336322115,4,0.82
14年3月多美滋精确盈养1段心护0-6个月婴儿奶粉1200g三联 一段,37349398003,1,1.2
14年1月多美滋精确盈养3段12-36个月幼儿配方奶粉400g盒装 三段,37365371801,4,0.4
多美滋精确盈养幼儿3段配方奶粉400g盒装,37350330724,0,0.4
Herds/和氏 超金装 1段婴儿配方奶粉 900g,37207190107,1,0.9
飞鹤飞帆幼儿配方奶粉3段 900g 听装 1岁及以上买一送一,37366927011,0,0.9
辉山奶粉较大婴儿幼儿配方奶粉二段2段400g克袋装 6-18个月三赠一,37364218664,0,0.4
明一天籁慧贝奶粉1段 婴儿奶粉一段900g听装,37291152337,0,0.9
贝因美奶粉 经典优选初生婴儿宝宝配方奶粉1段908g*2罐 官方正品,37337797494,5,0.908
澳洲直邮正品 Bellamy’s贝拉米3段 澳大利亚有机婴儿奶粉900g,37347572684,0,0.9
澳洲Farmland 农佳美/farmdaisy 原装进口奶粉二段900g*6罐,37334199255,0,0.9
NEUFIT/纽菲特 贝多灵1段 800g听装婴儿奶粉 一段 1听,36831408711,2,0.8
澳洲邮政发货新西兰Aptamil爱他美 婴儿牛奶粉1段6罐1箱,37357346663,6,0
澳洲原罐原装进口 accszhe澳邦 婴幼儿奶粉 1-3岁 3段 900g*6罐,37350576680,0,0.9
多美滋精确盈养儿童四段配方奶粉900g易乐罐,37359897599,1,0.9
FIRMUS/飞鹤超级飞帆3段 幼儿配方奶粉 400g 盒装 1岁及以上,37366919009,1,0.4
雅培喜康力三段900克 金装亲体配方3段900g智锁罐*2（1-3岁）,37370264278,0,0.9
多美滋精确盈养儿童四段配方奶粉400g盒装,37370920363,3,0.4
澳洲原罐原装进口 accszhe澳邦 婴幼儿奶粉 1-3岁 3段 900g*2罐,37350584459,0,0.9
FIRMUS/飞鹤飞帆婴幼儿配方奶粉2段 900g 听装 6-12个月,37366739579,1,0.9
四盒包邮 雅培智护儿童喜康力奶粉4段四段400g盒装,37334607028,4,0.4
买一送一 雅培小安素香草味草莓味400g盒装1岁以上挑食偏食宝宝,37356056933,6,0.4
益益奶粉 金牌三段（1-3周岁）幼儿配方奶粉听装900g 直营正品,37372205273,1,0.9
德国直邮 Aptamil新版德国爱他美婴儿奶粉1+段 1-2岁 600g,37216055960,240,0.6
新/澳直邮 亨氏HEINZ益生元婴幼儿配方奶粉 金裝3段 6罐包邮,37291604803,0,0
美赞臣3段奶粉900g安婴儿A+婴幼儿配方牛奶粉1-2岁 三段900克,36669115823,3,0.9
14年1月多美滋精确盈养3段12-36个月幼儿配方奶粉900g罐装 三段,37373961298,6,0.9
多美滋精确盈养1段0-6个月心护婴儿配方奶粉400g盒装 一段,37337181937,0,0.4
【满668包邮】Nestle/雀巢儿童奶粉 学生奶粉 400g*2 官方正品,37370955776,4,0.4
迈高奶粉 n+婴儿奶粉 澳大利亚进口奶粉宝宝奶粉幼儿奶粉3段400g,37375802810,1,0.4
澳洲原罐原装进口accszhe/澳邦婴幼儿奶粉 0-6个月 1段 900g*6罐,37347677681,0,0.9